user_ID,rough clean text,label,clean words,hashtag,@,creation time
88050798,“We’ve found a new home already?!” #NiniDolls #newhome #excitement #thankyou for all your very kind interest and support of my #dollmaking ,excitement, we ve found a new home already     ninidolls  newhome  excitement  thankyou for all your very kind interest and support of my  dollmakin,"['ninidolls', 'newhome', 'excitement', 'thankyou', 'dollmaki']",[],2020-03-15 11:14:14
3092094697,All packed up finally and ready to leave first thing in the morning. Truck’s squatting a little lol #moving #crosscountryroadtrip #lifechanges #excitement #fearofchange #nextchapterinlife  ,excitement,all packed up finally and ready to leave first thing in the morning  truck s squatting a little lol  moving  crosscountryroadtrip  lifechanges  excitement  fearofchange  nextchapterinlife,"['moving', 'crosscountryroadtrip', 'lifechanges', 'excitement', 'fearofchange', 'nextchapterinlif']",[],2020-03-15 03:12:17
4426452620,@RenaKARE11 #MeTOOOO until recently when I #graduated to a yellow legal pad. Now #Imagine my #Excitement when I can cross off a line or section reflecting #evidence of PROGRESS! #GOALS #BabySteps #OneDayBetterOrganized #❤️Healing,excitement, renakare11  metoooo until recently when i  graduated to a yellow legal pad  now  imagine my  excitement when i can cross off a line or section reflecting  evidence of progress   goals  babysteps  onedaybetterorganized    heali,"['metoooo', 'graduated', 'imagine', 'excitement', 'evidence', 'goals', 'babysteps', 'onedaybetterorganized', '']",['renakare'],2020-03-15 02:23:03
1228290208195584000,"Going to sleep nowadays is filled with #anticipation and #excitement 

#COVIDー19 #coronavirus #coronapocalypse forget about #StayHome advice and #livelife #LiveLimitless 

Make history but dont forget to take your #handsanitiser #handsanitizer #handsanitizers with you 😷😊🥳",excitement,going to sleep nowadays is filled with  anticipation and  excitement    covidー19  coronavirus  coronapocalypse forget about  stayhome advice and  livelife  livelimitless   make history but dont forget to take your  handsanitiser  handsanitizer  handsanitizers with you  ,"['anticipation', 'excitement', 'covidー', 'coronavirus', 'coronapocalypse', 'stayhome', 'livelife', 'livelimitless', 'handsanitiser', 'handsanitizer', 'handsanitizers']",[],2020-03-15 00:06:28
1234709379171024897,"Winner Winner Winner !!!!!!!🏆
The Winners of Todays Tournament Team 46 is H 🤩🥳🏆
#namcoindia #namco @namcoindia #navimumbai #Seawoodsgrandcentralmall #SGC #BiggestIndoorAmusementPark #excitement #Games #tournaments #Cyberstadium #Cyberhocky #Freeentry #competetion #fun ",excitement,winner winner winner          the winners of todays tournament team 46 is h      namcoindia  namco  namcoindia  navimumbai  seawoodsgrandcentralmall  sgc  biggestindooramusementpark  excitement  games  tournaments  cyberstadium  cyberhocky  freeentry  competetion  fu,"['namcoindia', 'namco', 'navimumbai', 'seawoodsgrandcentralmall', 'sgc', 'biggestindooramusementpark', 'excitement', 'games', 'tournaments', 'cyberstadium', 'cyberhocky', 'freeentry', 'competetion', 'f']",['namcoindia'],2020-03-14 13:33:45
1234709379171024897,"The glimpse of todays 
.
.
#namcoindia #namco @namcoindia #navimumbai #Seawoodsgrandcentralmall #SGC #BiggestIndoorAmusementPark #excitement #Games #tournaments #Cyberstadium #Cyberhocky #Freeentry #competetion #fun #excitement #Offers #familyentertainment ",excitement,the glimpse of todays       namcoindia  namco  namcoindia  navimumbai  seawoodsgrandcentralmall  sgc  biggestindooramusementpark  excitement  games  tournaments  cyberstadium  cyberhocky  freeentry  competetion  fun  excitement  offers  familyentertainmen,"['namcoindia', 'namco', 'navimumbai', 'seawoodsgrandcentralmall', 'sgc', 'biggestindooramusementpark', 'excitement', 'games', 'tournaments', 'cyberstadium', 'cyberhocky', 'freeentry', 'competetion', 'fun', 'excitement', 'offers', 'familyentertainme']",['namcoindia'],2020-03-14 13:26:23
988590147095670785,"Me: Today we won’t have our usual group routine.  S: Awww.  Me: But, you get to pick 10 books that you will keep!  S: Like keep, keep?  Me: Keep, forever.  S: YES!!!! ❤️📚 #JumpingForJoy #Excitement #BooksBooksBooks #Read ",excitement,me  today we won t have our usual group routine   s  awww   me  but  you get to pick 10 books that you will keep   s  like keep  keep   me  keep  forever   s  yes          jumpingforjoy  excitement  booksbooksbooks  rea,"['jumpingforjoy', 'excitement', 'booksbooksbooks', 're']",[],2020-03-14 02:31:31
24749297,washing my hair #excitement NOT!!!!,excitement,washing my hair  excitement not  ,['excitement'],[],2020-03-13 22:36:59
3371504486,"Watch to the end! A throw back to late last year! 

#marlin #deepseafishing #excitement #hatteras #bigfish #fishing #chupacabra 

pelagicgear @marlinmagazine @costasunglasses @hukgear @ Cabo San Lucas, Baja… ",excitement,watch to the end  a throw back to late last year     marlin  deepseafishing  excitement  hatteras  bigfish  fishing  chupacabra   pelagicgear  marlinmagazine  costasunglasses  hukgear   cabo san lucas  baja,"['marlin', 'deepseafishing', 'excitement', 'hatteras', 'bigfish', 'fishing', 'chupacabra']","['marlinmagazine', 'costasunglasses', 'hukgear', 'cabo', 'san', 'lucas']",2020-03-13 18:59:11
3540127993,"Some sister-in-law bonding tomorrow:
Getting our firearm permits!
#excitement #2ndAmendment #betternotbecancelled",excitement,some sister in law bonding tomorrow  getting our firearm permits   excitement  2ndamendment  betternotbecancell,"['excitement', '', 'betternotbecancel']",[],2020-03-13 15:24:15
744415266,"I designed this with so much #excitement in my #heart because it a #win-win one😋
For the past two months, Ive #walked almost every morning and some evenings - #jogging some of the time - so, I #know how… ",excitement,i designed this with so much  excitement in my  heart because it a  win win one  for the past two months  ive  walked almost every morning and some evenings    jogging some of the time   so  i  know how,"['excitement', 'heart', 'win', 'walked', 'jogging', 'know']",[],2020-03-13 06:09:48
41400225,"Thanks, @Aztec_MBB for a Most Awesome Season!!! #GoAztecs Every Game Was Playoff #Excitement

#notmyphoto ",excitement,thanks   aztec mbb for a most awesome season     goaztecs every game was playoff  excitement   notmyphot,"['goaztecs', 'excitement', 'notmypho']",['aztec'],2020-03-13 00:00:58
297219023,"Posted withregram • multi_core Money was never a big #motivation for me, except as a way to keep score. The real #excitement is playing the game 🙌 💵 📈 ° °
FOLLOW @TRADE3X3
FOLLOW @TRADE3X3
#trade3x3👍💰
#germany… ",excitement,posted withregram   multi core money was never a big  motivation for me  except as a way to keep score  the real  excitement is playing the game           follow  trade3x3 follow  trade3x3  trade3x3    germany,"['motivation', 'excitement', 'trade', 'german']","['trade', 'trade']",2020-03-12 20:28:36
961955729061171200,"@AmvSynaesthesia @ArtistsCrap #excitement - I meant to jump on and watch last night, but obviously got distracted by pandemicism - glad to have this stuff for when I finally calm the hell down",excitement, amvsynaesthesia  artistscrap  excitement   i meant to jump on and watch last night  but obviously got distracted by pandemicism   glad to have this stuff for when i finally calm the hell do,['excitement'],"['amvsynaesthesia', 'artistscrap']",2020-03-12 19:46:19
1171729226145439744,Conor Doherty from our class leading the way in his relay competition during todays Indoor Hall Athletics #excitement #supoortingeachother @PDSTpe @LongfordCGames ,excitement,conor doherty from our class leading the way in his relay competition during todays indoor hall athletics  excitement  supoortingeachother  pdstpe  longfordcgame,"['excitement', 'supoortingeachother']","['pdstpe', 'longfordcgam']",2020-03-12 19:33:46
770975450235441152,Coach Kitna taking time out today to talk to the @BHSElks Teachers/Staff about the meaning of R and how he can support them!  #excitement #bhsmakingconnections #elkfamily @BurlesonISD @CoachOzee ,excitement,coach kitna taking time out today to talk to the  bhselks teachers staff about the meaning of r and how he can support them    excitement  bhsmakingconnections  elkfamily  burlesonisd  coachoze,"['excitement', 'bhsmakingconnections', 'elkfamily']","['bhselks', 'burlesonisd', 'coachoz']",2020-03-12 17:12:50
1549770654,"@Leaky, @MuggleNet - Exciting! Please post a news article for this, if you could - three months to go (all-digital reveal)! #WizardingWorld #TheLeakyCauldron #TheWizardingWorld #HarryPotter #1800s #NextGen #Excitement #LeakedHarryPotterRPG (Thank You @jk_rowling and @warnerbros!) ",excitement, leaky   mugglenet   exciting  please post a news article for this  if you could   three months to go  all digital reveal    wizardingworld  theleakycauldron  thewizardingworld  harrypotter  1800s  nextgen  excitement  leakedharrypotterrpg  thank you  jk rowling and  warnerbros ,"['wizardingworld', 'theleakycauldron', 'thewizardingworld', 'harrypotter', '', 'nextgen', 'excitement', 'leakedharrypotterrpg']","['leaky', 'mugglenet', 'jk', 'warnerbros']",2020-03-12 14:46:29
1596625892,Something big is happening this morning at one of our convenience  stay tuned!! #breakingnews #announcement #excitement #mirabito ,excitement,something big is happening this morning at one of our convenience  stay tuned    breakingnews  announcement  excitement  mirabit,"['breakingnews', 'announcement', 'excitement', 'mirabi']",[],2020-03-12 14:18:55
58908629,"We value our customers and enjoy sharing the excitement when they onboard with us! 

#NewCustomers #Excitement #eShipping ",excitement,we value our customers and enjoy sharing the excitement when they onboard with us     newcustomers  excitement  eshippin,"['newcustomers', 'excitement', 'eshippi']",[],2020-03-12 13:07:05
880441680641609729,"We value our customers and enjoy sharing the excitement when they onboard with us! 

#NewCustomers #Excitement #EngagedCompanies ",excitement,we value our customers and enjoy sharing the excitement when they onboard with us     newcustomers  excitement  engagedcompanie,"['newcustomers', 'excitement', 'engagedcompani']",[],2020-03-12 11:07:30
712488382,"Sneak peek of our wonderful Zone Fitness Wynberg that is shaping up nicely! We cannot express how excited we are for this spacious branch to open up on 01 April 2020 in the Maynard Mall! 

#zonefitness #newbranch #excitement #april2020 #fitness ",excitement,sneak peek of our wonderful zone fitness wynberg that is shaping up nicely  we cannot express how excited we are for this spacious branch to open up on 01 april 2020 in the maynard mall     zonefitness  newbranch  excitement  april2020  fitnes,"['zonefitness', 'newbranch', 'excitement', 'april', 'fitne']",[],2020-03-12 08:39:16
853556691794771969,"With high on #Josh and #excitement, New Joninees give their best to perform #extraordinarily. Many #Congratulation on being awarded as #Best New #Joinee of the  #Meritocracy #ScalingExpectations #smartDataNagpur ",excitement,with high on  josh and  excitement  new joninees give their best to perform  extraordinarily  many  congratulation on being awarded as  best new  joinee of the   meritocracy  scalingexpectations  smartdatanagpu,"['josh', 'excitement', 'extraordinarily', 'congratulation', 'best', 'joinee', 'meritocracy', 'scalingexpectations', 'smartdatanagp']",[],2020-03-12 06:22:59
1127885721371643906,"Little #Rosebelle on set of #KaalgatKarel. We are immensely proud to be representing her.
Film releasing in September so keep an eye out. Well done Rosie!!

#elliebellieagency #excitement #makingmovies #hardwork… ",excitement,little  rosebelle on set of  kaalgatkarel  we are immensely proud to be representing her  film releasing in september so keep an eye out  well done rosie     elliebellieagency  excitement  makingmovies  hardwork,"['rosebelle', 'kaalgatkarel', 'elliebellieagency', 'excitement', 'makingmovies', 'hardwor']",[],2020-03-12 05:08:18
1211039237241364481,"Watching the @TensorFlow #TFDevSummit has been an absolute pleasure and an amazing experience for me. Getting my questions answered by the TF core team. This is the true power of #opensource and #collaboration.
It 4 AM and Im wide awake. 😍 #excitement #nosleep ",excitement,watching the  tensorflow  tfdevsummit has been an absolute pleasure and an amazing experience for me  getting my questions answered by the tf core team  this is the true power of  opensource and  collaboration  it 4 am and im wide awake     excitement  noslee,"['tfdevsummit', 'opensource', 'collaboration', 'excitement', 'nosle']",['tensorflow'],2020-03-11 22:56:16
1232479214546407425,"#Excitement
Revelations of the Patriot, a Testament of Americanism is currently being written. Here a sneak peak: ",excitement, excitement revelations of the patriot  a testament of americanism is currently being written  here a sneak peak,['excitement'],[],2020-03-11 22:33:13
826696370,You can’t write the script - what a game #excitement ⚽️,excitement,youcantwritethescriptwhatagameexcitement,['excitement'],[],2020-03-11 22:05:36
249632937,Looking forward to seeing some @SondheimSociety members  #excitement Wonder what @DanielGwynEvans @jennarusselluk have been #PuttingTogether ,excitement,looking forward to seeing some  sondheimsociety members   excitement wonder what  danielgwynevans  jennarusselluk have been  puttingtogethe,"['excitement', 'puttingtogeth']","['sondheimsociety', 'danielgwynevans', 'jennarusselluk']",2020-03-11 20:00:04
44456563,Starch of the day. #excitement #mystery #willreportlater ,excitement,starch of the day   excitement  mystery  willreportlate,"['excitement', 'mystery', 'willreportlat']",[],2020-03-11 14:02:28
1138117101703577601,"Could this be a world record? 40 minutes of a Rich Tea dunk and still going!! Year 6 have come to the conclusion that the high sugar content and surface area may be the  do think? Please tweet your ideas, we would love to know your thoughts! #excitement #aweandwonder ",excitement,could this be a world record  40 minutes of a rich tea dunk and still going   year 6 have come to the conclusion that the high sugar content and surface area may be the  do think  please tweet your ideas  we would love to know your thoughts   excitement  aweandwonde,"['excitement', 'aweandwond']",[],2020-03-11 11:18:42
3361418110,Happy Memories at PGL Residential 2020 #WeAreStar #HappyMemories #Smiles #Excitement #StarAcademies ,excitement,happy memories at pgl residential 2020  wearestar  happymemories  smiles  excitement  staracademie,"['wearestar', 'happymemories', 'smiles', 'excitement', 'staracademi']",[],2020-03-11 11:08:53
2184270771,"Y’all feening for this little “online class/school closed” vibes relax #excitement #stayclean 
WASH YOUR HANDS! ",excitement,y all feening for this little  online class school closed  vibes relax  excitement  stayclean  wash your hands,"['excitement', 'stayclean']",[],2020-03-11 05:56:56
466242820,"The #excitement abounds✔️😎 #mothernature #delivers @ Inyokern, California ",excitement,the  excitement abounds     mothernature  delivers   inyokern  californi,"['excitement', 'mothernature', 'delivers']",['inyokern'],2020-03-11 02:16:08
1196918749795762176,"We are starting to actually see some movement on the scale for our #moving #budget, the #excitement is building!! When will the move be!?! When I can secure employment! Maybe before if we can get the funds! #wdw #WaltDisneyWorld #Orlando",excitement,we are starting to actually see some movement on the scale for our  moving  budget  the  excitement is building   when will the move be    when i can secure employment  maybe before if we can get the funds   wdw  waltdisneyworld  orlan,"['moving', 'budget', 'excitement', 'wdw', 'waltdisneyworld', 'orla']",[],2020-03-10 19:09:04
1187344080944222208,"We can only apologise about tonight episode.
@MrsPearmain falls ill, Kyle steps up to the plate and fills her shoes!
•
Chaos ensues.
All this and more at 6pm!
•
•
•
#radiopodcast #mrandmrsalljokesaside #internationalwomensday #excitement #bromance #KickandNyle ",excitement,we can only apologise about tonight episode   mrspearmain falls ill  kyle steps up to the plate and fills her shoes    chaos ensues  all this and more at 6pm         radiopodcast  mrandmrsalljokesaside  internationalwomensday  excitement  bromance  kickandnyl,"['radiopodcast', 'mrandmrsalljokesaside', 'internationalwomensday', 'excitement', 'bromance', 'kickandny']",['mrspearmain'],2020-03-10 15:00:12
53949070,#Excitement field testing #ArtificialIntelligence diagnosis of #eardisease with #hearscope @hearX_Group in communities ,excitement, excitement field testing  artificialintelligence diagnosis of  eardisease with  hearscope  hearx group in communitie,"['excitement', 'artificialintelligence', 'eardisease', 'hearscope']",['hearx'],2020-03-10 12:55:59
270634879,"Now the #chemo side effects can take over for a  they will, all the #excitement has got me fatigued again!",excitement,now the  chemo side effects can take over for a  they will  all the  excitement has got me fatigued agai,"['chemo', 'excitement']",[],2020-03-10 12:33:28
891165999394766848,"#Vaathi #VaathiComing today @anirudhofficial bro music maranmassa irukum, #excitement overloaded @ActorVijayFC @Actor_Vijay @imKBRshanthnu @MrRathna ",excitement, vaathi  vaathicoming today  anirudhofficial bro music maranmassa irukum   excitement overloaded  actorvijayfc  actor vijay  imkbrshanthnu  mrrathn,"['vaathi', 'vaathicoming', 'excitement']","['anirudhofficial', 'actorvijayfc', 'actor', 'imkbrshanthnu', 'mrrath']",2020-03-10 04:11:32
3429956903,"Think excitement, and make a great night! 

#normanvincentpeale #excitement #mondaynight #blessedbythebest #newjersey #positivevibes #upliftingquotes ",excitement,think excitement  and make a great night     normanvincentpeale  excitement  mondaynight  blessedbythebest  newjersey  positivevibes  upliftingquote,"['normanvincentpeale', 'excitement', 'mondaynight', 'blessedbythebest', 'newjersey', 'positivevibes', 'upliftingquot']",[],2020-03-10 02:20:23
734456314609405952,"The feeling of #excitement you get when you realize something great is coming your  how we feel today! Last week Clear AI gave us some #insight into their world, and we opened a couple doors into ours.  Now we’re eagerly looking forward to what’s to come. #networking ",excitement,the feeling of  excitement you get when you realize something great is coming your  how we feel today  last week clear ai gave us some  insight into their world  and we opened a couple doors into ours   now we re eagerly looking forward to what s to come   networkin,"['excitement', 'insight', 'networki']",[],2020-03-09 23:33:34
1090319724012097536,Slowly the @greenpower_team goblin kit car began to take form! #Excitement #FutureEngineers #BSW20 ,excitement,slowly the  greenpower team goblin kit car began to take form   excitement  futureengineers  bsw2,"['excitement', 'futureengineers', 'bsw']",['greenpower'],2020-03-09 20:35:23
1207221753899962368,"🙏East or West our GURUJI is the BEST 🙏⠀

.
#STTH #Sabtheekthaakhai #comingsoon #staytuned #Gaurithebhakt #Excited #SundayVibes  #SundayMotivation #SundayRoast #2020 #indiefilm #Indian #WeStandWithKarmy #instafamous #guruji #ModiJi  #SundayThoughts #igers #movies #modibhakt ",excitement, east or west our guruji is the best        stth  sabtheekthaakhai  comingsoon  staytuned  gaurithebhakt  excited  sundayvibes   sundaymotivation  sundayroast  2020  indiefilm  indian  westandwithkarmy  instafamous  guruji  modiji   sundaythoughts  igers  movies  modibhak,"['stth', 'sabtheekthaakhai', 'comingsoon', 'staytuned', 'gaurithebhakt', 'excited', 'sundayvibes', 'sundaymotivation', 'sundayroast', '', 'indiefilm', 'indian', 'westandwithkarmy', 'instafamous', 'guruji', 'modiji', 'sundaythoughts', 'igers', 'movies', 'modibha']",[],2020-03-15 11:29:44
179272601,Think about this. #EXCITED #GOHA ,excitement,think about this   excited  goh,"['excited', 'go']",[],2020-03-15 11:15:51
1238751297781682176,@Nancy_Haviland Thank you so much. I am hooked. I have up to book 6 except for 3. Is that the end of them or is there more #loveyourwork #excited #newfavauthor😍,excitement, nancy haviland thank you so much  i am hooked  i have up to book 6 except for 3  is that the end of them or is there more  loveyourwork  excited  newfavautho,"['loveyourwork', 'excited', 'newfavauth']",['nancy'],2020-03-15 11:09:42
3092557888,@cineworld  just sat down in Gloucester to watch #onward with the boys!! #excited #unlimited,excitement, cineworld  just sat down in gloucester to watch  onward with the boys    excited  unlimit,"['onward', 'excited', 'unlimi']",['cineworld'],2020-03-15 11:02:39
20195619,"Hubby, Dave the cobbler replaced heel tips within 15 minutes while a young lady waited for them yesterday.  She was so #excited for the #fastservice Heading out the door, #EnjoyYourSunday
Have a #HappyStPattysDay We have some of the nicest customers! ❤",excitement,hubby  dave the cobbler replaced heel tips within 15 minutes while a young lady waited for them yesterday   she was so  excited for the  fastservice heading out the door   enjoyyoursunday have a  happystpattysday we have some of the nicest customers ,"['excited', 'fastservice', 'enjoyyoursunday', 'happystpattysday']",[],2020-03-15 10:27:27
39261088,"Decided to test what all the fuss was about and have a small @corona. #excited to try #corona. Will definitely comment if I get sick @ Hillcrest, KwaZulu-Natal ",excitement,decided to test what all the fuss was about and have a small  corona   excited to try  corona  will definitely comment if i get sick   hillcrest  kwazulu nata,"['excited', 'corona']","['corona', 'hillcrest']",2020-03-15 10:12:18
1072203874801307648,"Outstanding Movie @ForrestGumpFilm ♥ Really, You touch every heart of this Globe. Admirable! Story @winstongroom @ParamountMovies @amirkingkhan, WE are waiting to watch the Indian Version of This Movie #LalSinghChaddha #excited #rishirajdehariya #ForrestGump #YoYoHoneySingh",excitement,outstanding movie  forrestgumpfilm   really  you touch every heart of this globe  admirable  story  winstongroom  paramountmovies  amirkingkhan  we are waiting to watch the indian version of this movie  lalsinghchaddha  excited  rishirajdehariya  forrestgump  yoyohoneysin,"['lalsinghchaddha', 'excited', 'rishirajdehariya', 'forrestgump', 'yoyohoneysi']","['forrestgumpfilm', 'winstongroom', 'paramountmovies', 'amirkingkhan']",2020-03-15 07:06:49
1072203874801307648,"Outstanding Movie @ForrestGumpFilm ♥ Really, You touch every heart of this Globe. Admirable! Story @winstongroom @ParamountPics   @ParamountMovies @amirkingkhan, WE are waiting to watch the Indian Version of This Movie #LalSinghChaddha #excited #rishirajdehariya",excitement,outstanding movie  forrestgumpfilm   really  you touch every heart of this globe  admirable  story  winstongroom  paramountpics    paramountmovies  amirkingkhan  we are waiting to watch the indian version of this movie  lalsinghchaddha  excited  rishirajdehari,"['lalsinghchaddha', 'excited', 'rishirajdehar']","['forrestgumpfilm', 'winstongroom', 'paramountpics', 'paramountmovies', 'amirkingkhan']",2020-03-15 06:59:08
992489786,@88rising We’re ready for him 🔥🔥🔥🔥🔥❤️❤️❤️❤️ #TEAMWANG #ready #2020 #excited #lovehim @JacksonWang852 @GOT7Official @billboard ,excitement, 88rising we re ready for him                teamwang  ready  2020  excited  lovehim  jacksonwang852  got7official  billboar,"['teamwang', 'ready', '', 'excited', 'lovehim']","['', 'jacksonwang', 'got', 'billboa']",2020-03-15 06:44:21
3043191203,"might get a wii u for my birthday yessssss!
#excited #wiiu #girlgamer",excitement,might get a wii u for my birthday yessssss   excited  wiiu  girlgam,"['excited', 'wiiu', 'girlga']",[],2020-03-15 06:23:32
1197541272937844740,"ㅤ⠀ 

ㅤ⠀⁀➷ got myself a manicure just for tonight prom #SuperPrepared #Excited #HalcyonProm2020😗✨ㅤ⠀ 

ㅤ ",excitement,ㅤ    ㅤ    got myself a manicure just for tonight prom  superprepared  excited  halcyonprom2020  ㅤ    ,"['superprepared', 'excited', 'halcyonprom']",[],2020-03-15 05:45:21
1196739641069555712,@Flipkart @nokia @JBLSoundIn Really #Excited for the new #NokiaSmartTV ,excitement, flipkart  nokia  jblsoundin really  excited for the new  nokiasmartt,"['excited', 'nokiasmart']","['flipkart', 'nokia', 'jblsoundin']",2020-03-15 04:41:14
35710383,I’m so ready for my bubble bath ^^ long time since I’ve been in a bath. And this one is HUGE!! I think I could swim in  #anantara anantara_huahin #hugebath #bubblebath #excited #vacay @ Anantara Hua Hin Resort ,excitement,i m so ready for my bubble bath    long time since i ve been in a bath  and this one is huge   i think i could swim in   anantara anantara huahin  hugebath  bubblebath  excited  vacay   anantara hua hin resor,"['anantara', 'hugebath', 'bubblebath', 'excited', 'vacay']","['anantara', 'hua', 'hin', 'reso']",2020-03-15 04:28:22
1239036010723491840,Have to get up in 4 hours for a 3 hour bus ride☺️ going to my moms💕 #excited #vacation,excitement,have to get up in 4 hours for a 3 hour bus ride   going to my moms   excited  vacati,"['excited', 'vacat']",[],2020-03-15 04:25:18
741509999726202880,"Doesnt get much better then the feelings you have on the way to fishing with the boat in tow and the sun just starting to peak its head up. Going to be a good 
.
.
#sunrise #boatintow #todaysexpectations #anythingcanhappen #cantwait #excited #motackle #ejtodd #manicmates ",excitement,doesnt get much better then the feelings you have on the way to fishing with the boat in tow and the sun just starting to peak its head up  going to be a good       sunrise  boatintow  todaysexpectations  anythingcanhappen  cantwait  excited  motackle  ejtodd  manicmate,"['sunrise', 'boatintow', 'todaysexpectations', 'anythingcanhappen', 'cantwait', 'excited', 'motackle', 'ejtodd', 'manicmat']",[],2020-03-15 04:15:05
960183660300283905,"#AmazonWheelOfFortune 

#Excited to win this  ",excitement, amazonwheeloffortune    excited to win this,"['amazonwheeloffortune', 'excited']",[],2020-03-15 04:02:23
158805383,Shout out to my girls for coming out to see be Sing with the fabulous Secret Society Band tonight #breakersskylounge #substituteforthenight #excited #singer #secretsocietylive #newdecade #humblepie #nikkijewelz @… ,excitement,shout out to my girls for coming out to see be sing with the fabulous secret society band tonight  breakersskylounge  substituteforthenight  excited  singer  secretsocietylive  newdecade  humblepie  nikkijewelz  ,"['breakersskylounge', 'substituteforthenight', 'excited', 'singer', 'secretsocietylive', 'newdecade', 'humblepie', 'nikkijewelz']",[],2020-03-15 03:42:52
1365590359,Went window shopping 🛍 for when I move. #Excited #HomeOwner,excitement,went window shopping   for when i move   excited  homeown,"['excited', 'homeow']",[],2020-03-15 03:41:27
1231282612745965571,So I self quarantine by choice most of the time anyway ( minus work and few rare occasions) but to help make sure I dont go anywhere Im finally getting ready to play @FFGames Force and Destiny with my regular play group #excited #StarWars #FFGamesforlife,excitement,so i self quarantine by choice most of the time anyway   minus work and few rare occasions  but to help make sure i dont go anywhere im finally getting ready to play  ffgames force and destiny with my regular play group  excited  starwars  ffgamesforli,"['excited', 'starwars', 'ffgamesforl']",['ffgames'],2020-03-15 02:03:04
389249690,"Tomorrow!!!!! I can’t wait!!               
Fountain Leads small group: 9am 
Edify Session: 10am
Glorify Session: 11am 
It’s going to be an amazing day!! #fountainchurch #youbelonghere #welcomehome #welovepeople #bringafriend #excited @FountainMemphis ",excitement,tomorrow      i can t wait                  fountain leads small group  9am  edify session  10am glorify session  11am  it s going to be an amazing day    fountainchurch  youbelonghere  welcomehome  welovepeople  bringafriend  excited  fountainmemphi,"['fountainchurch', 'youbelonghere', 'welcomehome', 'welovepeople', 'bringafriend', 'excited']",['fountainmemph'],2020-03-15 01:32:54
77878450,The boss battle of all boss battles! #DnD #thanktheDM #excited #theatretime ,excitement,the boss battle of all boss battles   dnd  thankthedm  excited  theatretim,"['dnd', 'thankthedm', 'excited', 'theatreti']",[],2020-03-14 23:18:20
325780891,Big thank you shout out to @seanmcginty and the @BBCIntroLancs team for playing Pull Me Into Love on the show tonight! 😊😝🖤 @bbcintroducing #newmusic #excited #airwaves,excitement,big thank you shout out to  seanmcginty and the  bbcintrolancs team for playing pull me into love on the show tonight       bbcintroducing  newmusic  excited  airwav,"['newmusic', 'excited', 'airwa']","['seanmcginty', 'bbcintrolancs', 'bbcintroducing']",2020-03-14 23:09:34
327533305,"Today, my 7-year old son made his first foray into the 🌎 of Travel 🏒! 👍🏻 #excited #Phantoms #SpringHockey #notabigdeal ",excitement,today  my 7 year old son made his first foray into the   of travel        excited  phantoms  springhockey  notabigdea,"['excited', 'phantoms', 'springhockey', 'notabigde']",[],2020-03-14 22:08:14
1693312039,"Another positive ☘️ Husbands work just closed 👏 as a #ChefWife it will be so weird to actually see him, live and parent with him over the next few weeks, he seems like a top bloke from what I’ve heard. #Excited #COVID19 #MarriageMakeOrBreak ",excitement,another positive    husbands work just closed   as a  chefwife it will be so weird to actually see him  live and parent with him over the next few weeks  he seems like a top bloke from what i ve heard   excited  covid19  marriagemakeorbrea,"['chefwife', 'excited', 'covid', 'marriagemakeorbre']",[],2020-03-14 22:06:37
32832378,Sooo excited. Got my girls a fake chew  they are laying side by side. No growls or trying to steal the others.  #excited #doglover ##newdogtoy #sharing #lovemygirls #dogsofinstagram #dogsofyyc… ,excitement,sooo excited  got my girls a fake chew  they are laying side by side  no growls or trying to steal the others    excited  doglover   newdogtoy  sharing  lovemygirls  dogsofinstagram  dogsofyyc,"['excited', 'doglover', '', 'sharing', 'lovemygirls', 'dogsofinstagram', 'dogsofyy']",[],2020-03-14 21:56:31
1099438178551955457,"#HappeningNow
@Kamz_Millie book launch!
#excited #poetry #booklaunch #girlpower #caribbeanauthors #newbookalert ",excitement, happeningnow  kamz millie book launch   excited  poetry  booklaunch  girlpower  caribbeanauthors  newbookaler,"['happeningnow', 'excited', 'poetry', 'booklaunch', 'girlpower', 'caribbeanauthors', 'newbookale']",['kamz'],2020-03-14 21:40:56
216514182,Very happy with my @AngusandOink rubs and sauce today. Looking forward to flashing up the @NapoleonGrills for sampling my new flavours. #excited #summerscoming ,excitement,very happy with my  angusandoink rubs and sauce today  looking forward to flashing up the  napoleongrills for sampling my new flavours   excited  summerscomin,"['excited', 'summerscomi']","['angusandoink', 'napoleongrills']",2020-03-14 21:36:52
1153052984399618049,"Did a really quick stream #unboxing my #AnimalCrossingNewHorizon #Switch !  The compressed stream is below to see it in all it glory and me trying to be awake lol.

#AnimalCrossingSwitch #excited #twitchaffiliate 

 ",excitement,did a really quick stream  unboxing my  animalcrossingnewhorizon  switch    the compressed stream is below to see it in all it glory and me trying to be awake lol    animalcrossingswitch  excited  twitchaffiliate  ,"['unboxing', 'animalcrossingnewhorizon', 'switch', 'animalcrossingswitch', 'excited', 'twitchaffiliate']",[],2020-03-14 21:28:05
21393817,"Come July, after exhausting all other TV shows all the nation will be talking about will be the second season of Eldorado on @BBCOne #COVIDー19 #Excited #selfisolating",excitement,come july  after exhausting all other tv shows all the nation will be talking about will be the second season of eldorado on  bbcone  covidー19  excited  selfisolati,"['covidー', 'excited', 'selfisolat']",['bbcone'],2020-03-14 21:25:00
30287952,#Booked #Tickets 2 See @ladygaga #LadyGaga On Her #ChromaticaBall #Tour #ChromaticaBallTour In #London On 30-7-20 With @TCDawes So #Excited #CantWait 🎶🎤🎶 xXx ,excitement, booked  tickets 2 see  ladygaga  ladygaga on her  chromaticaball  tour  chromaticaballtour in  london on 30 7 20 with  tcdawes so  excited  cantwait     xx,"['booked', 'tickets', 'ladygaga', 'chromaticaball', 'tour', 'chromaticaballtour', 'london', 'excited', 'cantwait']","['ladygaga', 'tcdawes']",2020-03-14 20:52:20
186568886,Preordered my copy of #AnimalCrossing today. I’m so hype. It’s my first console animal crossing ☺️☺️ #excited #gamergirl,excitement,preordered my copy of  animalcrossing today  i m so hype  it s my first console animal crossing       excited  gamergi,"['animalcrossing', 'excited', 'gamerg']",[],2020-03-14 20:45:35
246534462,"Should an adult in their 30s really be excited for a game like Animal Crossing coming out?  
🤷‍♀️ I dont fucking know but Im counting down the dayssssss!!!!! #Excited #AnimalCrossingSwitch  #gethyped ",excitement,should an adult in their 30s really be excited for a game like animal crossing coming out         i dont fucking know but im counting down the dayssssss       excited  animalcrossingswitch   gethype,"['excited', 'animalcrossingswitch', 'gethyp']",[],2020-03-14 20:29:49
48895152,"Super excited to read @brittanitaylor new book series! cant wait, it looks spooky and the storyline sounds so intense! 😍 Love a good mystery #saintsville #book #mystery #thriller #excited #booklover ",excitement,super excited to read  brittanitaylor new book series  cant wait  it looks spooky and the storyline sounds so intense    love a good mystery  saintsville  book  mystery  thriller  excited  booklove,"['saintsville', 'book', 'mystery', 'thriller', 'excited', 'booklov']",['brittanitaylor'],2020-03-14 20:17:19
583840854,"When your supposed to be going to sleep but your way too excited for dinosaurs. 

#bedtime #toddlersofinstagram #toddler #toddlerlife #thingstoddlersdo #excited #roar ",excitement,when your supposed to be going to sleep but your way too excited for dinosaurs     bedtime  toddlersofinstagram  toddler  toddlerlife  thingstoddlersdo  excited  roa,"['bedtime', 'toddlersofinstagram', 'toddler', 'toddlerlife', 'thingstoddlersdo', 'excited', 'ro']",[],2020-03-14 20:12:22
2762414383,#backtothefuture here with my little people #operahouse #excited #greatscott,excitement, backtothefuture here with my little people  operahouse  excited  greatsco,"['backtothefuture', 'operahouse', 'excited', 'greatsc']",[],2020-03-14 19:11:36
361578636,This is the right attitude. 👏🏽👏🏽Even with al this crazy nonsense goibg on. Hell yeah 🤟🏼 #excited #JeffHardy #Sweet ,excitement,this is the right attitude      even with al this crazy nonsense goibg on  hell yeah     excited  jeffhardy  swee,"['excited', 'jeffhardy', 'swe']",[],2020-03-14 19:08:53
1655737321,5 Surprising Ways to #Get People #Excited #About Their #Jobs  | ,excitement,5surprisingwaystogetpeopleexcitedabouttheirjobs,"['get', 'excited', 'about', 'jobs']",[],2020-03-14 18:55:04
3043191203,"might get a wii u for my birthday yessssss!
#excited #wiiu #girlgamer",excitement,might get a wii u for my birthday yessssss   excited  wiiu  girlgam,"['excited', 'wiiu', 'girlga']",[],2020-03-14 18:23:29
26063282,Figured I’d watch from the beginning again since season three comes out tomorrow #Excited #Westworld ,excitement,figured i d watch from the beginning again since season three comes out tomorrow  excited  westworl,"['excited', 'westwor']",[],2020-03-14 18:01:31
1016648938168832000,Looks like I got something special coming on Monday! What could it be?! 😉#Excited #Youtubecreators #Frankietech ,excitement,looks like i got something special coming on monday  what could it be     excited  youtubecreators  frankietec,"['excited', 'youtubecreators', 'frankiete']",[],2020-03-14 17:36:54
1179384590609326081,Well it surely is coming together now last little bits left don’t forget to call 02475092391 or book at  to make sure you get a table for our grand opening #excited #Coventry #food ,excitement,well it surely is coming together now last little bits left don t forget to call 02475092391 or book at  to make sure you get a table for our grand opening  excited  coventry  foo,"['excited', 'coventry', 'fo']",[],2020-03-14 16:47:51
353968831,I’m so tempted to start taking out my spring and summer clothes and put all my winter stuff away but I’m going to wait until April because we’re still getting some cold  #Excited #Clothes #Spring #WarmWeather,excitement,i m so tempted to start taking out my spring and summer clothes and put all my winter stuff away but i m going to wait until april because we re still getting some cold   excited  clothes  spring  warmweath,"['excited', 'clothes', 'spring', 'warmweat']",[],2020-03-14 16:46:22
15212726,Ten days in and they already get it??!!!!! #astonished #forceforgood #togethereveryoneachievesmore ,excitement,ten days in and they already get it         astonished  forceforgood  togethereveryoneachievesmor,"['astonished', 'forceforgood', 'togethereveryoneachievesmo']",[],2020-03-12 19:04:20
874583931462586368,"I am wondering how it is possible that single research institutions, in EU, can forbid scientific researchers to travel for research reasons, but at the same time in the same country tourists can go wherever they want. Should it be the other way around? #astonished @WHO",excitement,i am wondering how it is possible that single research institutions  in eu  can forbid scientific researchers to travel for research reasons  but at the same time in the same country tourists can go wherever they want  should it be the other way around   astonished  w,['astonished'],[''],2020-03-11 20:22:18
106041958,"So happy!  My first #watermelon of this year #2020 
#melons will have a special meaningfor me this year! 
#melon #melonman #seeded #fruit 
#raw #happy ",excitement,so happy   my first  watermelon of this year  2020   melons will have a special meaningfor me this year    melon  melonman  seeded  fruit   raw  happ,"['watermelon', '', 'melons', 'melon', 'melonman', 'seeded', 'fruit', 'raw', 'hap']",[],2020-03-15 12:32:23
825155665,"The Gospel, radiant with the glory of Christ’s cross, constantly invites us to rejoice. ~Pope Francis, Evangelii Gaudium, ¶5, #quote #joy",excitement,the gospel  radiant with the glory of christ s cross  constantly invites us to rejoice   pope francis  evangelii gaudium   5   quote  j,"['quote', '']",[],2020-03-15 12:36:15
48679647,"Meanwhile in G 
Trump is trying to force a company to hand over the exclusive rights of a possible Covid vaccin to  #sad #trump #COVIDー19 #maga @Reuters 
",excitement,meanwhile in g  trump is trying to force a company to hand over the exclusive rights of a possible covid vaccin to   sad  trump  covidー19  maga  reuters,"['sad', 'trump', 'covidー', 'maga']",['reuter'],2020-03-15 09:15:36
772094883209314304,#PositiveVibes & Encouragement DAILY: #SuicidePrevention #PTSD #Support #Depressed #Addiction #COVID19 #CoronaVirusUpdates #TravelBan #TomHanks #RudyGobert #Trump #Biden #BernieBros #Photography #Photo #Video #Meme #Milan #Italy #Paris #France #Europe #Stock #Selfie ,excitement, positivevibes   encouragement daily   suicideprevention  ptsd  support  depressed  addiction  covid19  coronavirusupdates  travelban  tomhanks  rudygobert  trump  biden  berniebros  photography  photo  video  meme  milan  italy  paris  france  europe  stock  selfi,"['positivevibes', 'suicideprevention', 'ptsd', 'support', 'depressed', 'addiction', 'covid', 'coronavirusupdates', 'travelban', 'tomhanks', 'rudygobert', 'trump', 'biden', 'berniebros', 'photography', 'photo', 'video', 'meme', 'milan', 'italy', 'paris', 'france', 'europe', 'stock', 'self']",[],2020-03-14 01:26:12
107292114,"If I wear camouflage, Monday can’t find me right? #gloomy #monday #camouflage #workday @ Berry Street, North Sydney ",excitement,if i wear camouflage  monday can t find me right   gloomy  monday  camouflage  workday   berry street  north sydne,"['gloomy', 'monday', 'camouflage', 'workday']","['berry', 'street']",2020-03-08 21:27:02
1214311036519469056,Where were you yesterday during my run in 6 😭😭😭 I would have killed it  #mcoc #marvelcontestofchampions #marvelchampions #MARVEL  #twitchaffiliate #twitchstreamer #annoyed ,excitement,where were you yesterday during my run in 6     i would have killed it   mcoc  marvelcontestofchampions  marvelchampions  marvel   twitchaffiliate  twitchstreamer  annoye,"['mcoc', 'marvelcontestofchampions', 'marvelchampions', 'marvel', 'twitchaffiliate', 'twitchstreamer', 'annoy']",[],2020-03-13 17:38:37
