user_ID,rough clean text,label,clean words,hashtag,@,creation time
1101756876184801280,"Happy group with us call or WhatsApp 0551414092 or email info@ 

#dubaidesertsafari #desertuae #safaritour #thrill #excitement #sanddune #camelride #henna #dunebashing ",fear,happy group with us call or whatsapp 0551414092 or email info     dubaidesertsafari  desertuae  safaritour  thrill  excitement  sanddune  camelride  henna  dunebashin,"['dubaidesertsafari', 'desertuae', 'safaritour', 'thrill', 'excitement', 'sanddune', 'camelride', 'henna', 'dunebashi']",[],2020-03-13 20:24:57
717281181654499328,"We can choose between #excitement & #fear, #stress or#pressure, threat or thrill #choice #coaching #change #nlp ",fear,we can choose between  excitement    fear   stress or pressure  threat or thrill  choice  coaching  change  nl,"['excitement', 'fear', 'stress', 'pressure', 'choice', 'coaching', 'change', 'n']",[],2020-03-13 06:45:02
76856095,"If everything goes according to plan, I got a big surprise for everyone in the next few  ",fear,if everything goes according to plan  i got a big surprise for everyone in the next few,[],[],"{'label': 'fear', 'words': 'if everything goes according to plan  i got a big surprise for everyone in the next few', 'hashtag': [], '@': [], 'url': ' '}",2020-03-14 23:58:43
2561838168,"America 🇺🇸 I am so #Happy 😀 that I never Stop 🛑 writing ✍🏽 the medical field treats me like and #outCast the Church ⛪️ treats me like an Outcast.
Father God call me 🤙 his most value Treasure on Earth 🌏. Sir please don’t jump off the Boat 🚣‍♂️. Rome wasn’t built in 7years🙏🏾🧩✍🏽 ",fear,america    i am so  happy   that i never stop   writing    the medical field treats me like and  outcast the church    treats me like an outcast  father god call me   his most value treasure on earth    sir please don t jump off the boat       rome wasn t built in 7years    ,"['happy', 'outcast']",[],2020-03-15 12:45:13
380719834,"If you’ve ever been blindsided by an unexpected breakup, here are five absurd, but very real, reasons why he left you high and dry. #relationship #romance #love #couples ",fear,if you ve ever been blindsided by an unexpected breakup  here are five absurd  but very real  reasons why he left you high and dry   relationship  romance  love  couple,"['relationship', 'romance', 'love', 'coupl']",[],2020-03-15 13:00:00
799258418137677824,"""Be more concerned with your character than your reputation, because your character is what you really are, while your reputation is merely what others think you 
~John Wooden

It #EverythingYouThinkIsWrongDay!  

#love #life #quote #writing #success ",fear, be more concerned with your character than your reputation  because your character is what you really are  while your reputation is merely what others think you   john wooden  it  everythingyouthinkiswrongday      love  life  quote  writing  succes,"['everythingyouthinkiswrongday', 'love', 'life', 'quote', 'writing', 'succe']",[],2020-03-15 13:00:00
3957357622,@elonmusk Fear disconnects mind from the source of love ❤️ #fearless #love,fear, elonmusk fear disconnects mind from the source of love     fearless  lo,"['fearless', 'l']",['elonmusk'],2020-03-15 12:58:23
1234345228380917761,"#Health #Spiritual #Wellness #mindpower #love #compassion
Illness begins with ""I"", Wellness begins with ""We",fear, health  spiritual  wellness  mindpower  love  compassion illness begins with  i   wellness begins with  ,"['health', 'spiritual', 'wellness', 'mindpower', 'love', 'compassion']",[],2020-03-15 12:56:07
272391430,"#Paranormal & #UrbanFantasy #Romance Series in #KindleUnlimited



#paranormalromance #UF #scifi #sciencefiction #PNR #fantasy #supernatural #booklovers #mustread #greatreads #goodreads #BookBuzz  #indieauthors #BookBoost #IARTG #PDF1 #love #KU #AmazonDeals ",fear, paranormal    urbanfantasy  romance series in  kindleunlimited     paranormalromance  uf  scifi  sciencefiction  pnr  fantasy  supernatural  booklovers  mustread  greatreads  goodreads  bookbuzz   indieauthors  bookboost  iartg  pdf1  love  ku  amazondeal,"['paranormal', 'urbanfantasy', 'romance', 'kindleunlimited', 'paranormalromance', 'uf', 'scifi', 'sciencefiction', 'pnr', 'fantasy', 'supernatural', 'booklovers', 'mustread', 'greatreads', 'goodreads', 'bookbuzz', 'indieauthors', 'bookboost', 'iartg', 'pdf', 'love', 'ku', 'amazondea']",[],2020-03-15 12:55:00
1168707646972547072,"The Word of God | The Love of God Keeps Watch | ""The Sighing of the A  
@carjcureton
@ apostleBrian_17
@ Joyce47262605
@FionaG55441063
@gabsssramirez
#Almighty #sigh #God #love",fear,the word of god   the love of god keeps watch    the sighing of the a    carjcureton   apostlebrian 17   joyce47262605  fionag55441063  gabsssramirez  almighty  sigh  god  lo,"['almighty', 'sigh', 'god', 'l']","['carjcureton', 'apostlebrian', 'joyce', 'fionag', 'gabsssramirez']",2020-03-15 12:48:11
1207878513585541120,"Hahahah my exes lawyer coming into the court house; so of course I’m going to say “Hello” he Looks at me doesn’t socialize much, barely nods his head a hello 🤣🤣 boy oh boy, some people could be more #pleasant life’s too short; no matter the scenario.  Be #humble and kind",fear,hahahah my exes lawyer coming into the court house  so of course i m going to say  hello  he looks at me doesn t socialize much  barely nods his head a hello    boy oh boy  some people could be more  pleasant life s too short  no matter the scenario   be  humble and ki,"['pleasant', 'humble']",[],2020-03-11 16:57:54
77325274,I try to keep it/pleasant on Twitter; some things/will still anger me #haiku #haikuchallenge #micropoetry #poetry #pleasant #unpleasant #angry,fear,i try to keep it pleasant on twitter  some things will still anger me  haiku  haikuchallenge  micropoetry  poetry  pleasant  unpleasant  ang,"['haiku', 'haikuchallenge', 'micropoetry', 'poetry', 'pleasant', 'unpleasant', 'an']",[],2020-03-09 13:23:56
19328644,"You make me #glad by Your deeds, 
 I sing for #joy at  
 How great are Your #works, 
O #Lord, 
how profound Your #thoughts! 
 ",fear,youmakemegladbyyourdeedsisingforjoyathowgreatareyourworksolordhowprofoundyourthoughts,"['glad', 'joy', 'works', 'lord', 'thoughts']",[],2020-03-14 15:35:53
1596979688,"March 11, 2020 Bible Verses
#God #spiritual #gifts #serve #one #another  #day #Lord #made #rejoice #glad ",fear,march 11  2020 bible verses  god  spiritual  gifts  serve  one  another   day  lord  made  rejoice  gla,"['god', 'spiritual', 'gifts', 'serve', 'one', 'another', 'day', 'lord', 'made', 'rejoice', 'gl']",[],2020-03-11 12:37:49
106459639,@TheDoctors I am 24 days out from knee replacement surgery . Thanks for today’s  I did it.,fear, thedoctors i am 24 days out from knee replacement surgery   thanks for today s  i did i,[],['thedoctors'],"{'label': 'fear', 'words': ' thedoctors i am 24 days out from knee replacement surgery   thanks for today s  i did i', 'hashtag': [], '@': ['thedoctors'], 'url': '.'}",2020-03-06 20:37:40
1124754451858767873,@IndianExpress read in your today’s edition about a proactive village named Pokhari in Maharashtra and their efforts to upgrade their zila parishad school to d level of an “international school” by pooling resources and cutting in community events . #NewIndiainmaking . #Pleased,fear, indianexpress read in your today s edition about a proactive village named pokhari in maharashtra and their efforts to upgrade their zila parishad school to d level of an  international school  by pooling resources and cutting in community events    newindiainmaking    pleas,"['newindiainmaking', 'plea']",['indianexpress'],2020-03-15 05:20:27
4485475521,You people dont know how much Im happy that Tomiwa emigrated and seems to be thriving. #Pleased,fear,you people dont know how much im happy that tomiwa emigrated and seems to be thriving   pleas,['plea'],[],2020-03-07 18:31:56
3256565753,"What a great company! @thenorthface They repaired my 10 year old Denali pocket, free of charged!  That’s how you know you have a great quality product, when they stand behind it! #pleased",fear,what a great company   thenorthface they repaired my 10 year old denali pocket  free of charged   that s how you know you have a great quality product  when they stand behind it   pleas,['plea'],['thenorthface'],2020-03-06 22:36:29
1225517041584615432,"New post in ALARMS: #BTC_Dominance:   63 Previous: 63
#Tether_Dominance: (  3 Previous: 2
#Altcoin_Dominance: (  36 Previous: 36
#Total_MarketCap: (  149122370091$ Previous: 148928246749$
#O #FEAR_AND_GREED_INDEX: (  12 P…",fear,newpostinalarmsbtcdominance63previous63tetherdominance3previous2altcoindominance36previous36totalmarketcap149122370091previous148928246749ofearandgreedindex12,"['btc', 'tether', 'altcoin', 'total', 'o', 'fear']",[],2020-03-15 04:02:21
1225517041584615432,"New post in ALARMS: #BTC_Dominance:   63 Previous: 63
#Tether_Dominance: (  3 Previous: 2
#Altcoin_Dominance: (  36 Previous: 36
#O #Total_MarketCap:   148928246749$ Previous: 160272499082$
#FEAR_AND_GREED_INDEX:   8",fear,newpostinalarmsbtcdominance63previous63tetherdominance3previous2altcoindominance36previous36ototalmarketcap148928246749previous160272499082fearandgreedindex,"['btc', 'tether', 'altcoin', 'o', 'total', 'fear']",[],2020-03-15 00:25:37
1105365564388593664,"""The LORD looks down from heaven upon the children of men, To see if there are any who understand, who seek G Psalm 14 NKJV

#YAHUSHUA #JESUSCHRIST #JESUS #CHRIST #LORD #GOD #Looks #Down #Heaven #All #Mankind #See #Understand #Seek ",fear, the lord looks down from heaven upon the children of men  to see if there are any who understand  who seek g psalm 14 nkjv   yahushua  jesuschrist  jesus  christ  lord  god  looks  down  heaven  all  mankind  see  understand  see,"['yahushua', 'jesuschrist', 'jesus', 'christ', 'lord', 'god', 'looks', 'down', 'heaven', 'all', 'mankind', 'see', 'understand', 'se']",[],2020-03-14 13:10:41
1225517041584615432,"New post in ALARMS: #O #BTC_Dominance: (  63 Previous: 63
#Tether_Dominance: (  2 Previous: 2
#O #Altcoin_Dominance:   36 Previous: 36
#Total_MarketCap:   156622038295$ Previous: 160272499082$
#FEAR_AND_GREED_INDEX: ",fear,new post in alarms   o  btc dominance     63 previous  63  tether dominance     2 previous  2  o  altcoin dominance    36 previous  36  total marketcap    156622038295  previous  160272499082   fear and greed index,"['o', 'btc', 'tether', 'o', 'altcoin', 'total', 'fear']",[],2020-03-14 12:25:31
28838659,"The #Only person I honestly feel I can trust is #God, he’s never let me #Down!",fear,the  only person i honestly feel i can trust is  god  he s never let me  dow,"['only', 'god', 'do']",[],2020-03-14 07:05:31
1225517041584615432,"New post in ALARMS: #BTC_Dominance: (  63 Previous: 63
#Tether_Dominance:   2 Previous: 2
#Altcoin_Dominance:   36 Previous: 36
#Total_MarketCap: (  160554830418$ Previous: 160272499082$
#O #FEAR_AND_GREED_INDEX:   8",fear,newpostinalarmsbtcdominance63previous63tetherdominance2previous2altcoindominance36previous36totalmarketcap160554830418previous160272499082ofearandgreedindex,"['btc', 'tether', 'altcoin', 'total', 'o', 'fear']",[],2020-03-14 04:02:14
1225517041584615432,"New post in ALARMS: #BTC_Dominance: (  63 Previous: 63
#Tether_Dominance: (  2 Previous: 2
#O #Altcoin_Dominance: (  36 Previous: 36
#Total_MarketCap:   159985079016$ Previous: 160272499082$
#FEAR_AND_GREED_INDEX:   10",fear,newpostinalarmsbtcdominance63previous63tetherdominance2previous2oaltcoindominance36previous36totalmarketcap159985079016previous160272499082fearandgreedindex,"['btc', 'tether', 'o', 'altcoin', 'total', 'fear']",[],2020-03-14 00:25:38
1225517041584615432,"New post in ALARMS: #BTC_Dominance: (  63 Previous: 63
#Tether_Dominance:   2 Previous: 2
#O #Altcoin_Dominance: (  36 Previous: 35
#O #Total_MarketCap: (  160272499082$ Previous: 145355269056$
#FEAR_AND_GREED_INDEX:   10…",fear,new post in alarms   btc dominance     63 previous  63  tether dominance    2 previous  2  o  altcoin dominance     36 previous  35  o  total marketcap     160272499082  previous  145355269056   fear and greed index    1,"['btc', 'tether', 'o', 'altcoin', 'o', 'total', 'fear']",[],2020-03-13 22:02:15
1225517041584615432,"New post in ALARMS: #BTC_Dominance: (  63 Previous: 63
#Tether_Dominance: (  3 Previous: 2
#O #Altcoin_Dominance:   35 Previous: 36
#Total_MarketCap: (  150412592748$ Previous: 145355269056$
#FEAR_AND_GREED_INDEX:   10",fear,newpostinalarmsbtcdominance63previous63tetherdominance3previous2oaltcoindominance35previous36totalmarketcap150412592748previous145355269056fearandgreedindex,"['btc', 'tether', 'o', 'altcoin', 'total', 'fear']",[],2020-03-13 20:02:15
1225517041584615432,"New post in ALARMS: #O #BTC_Dominance:   63 Previous: 63
#Tether_Dominance: (  3 Previous: 2
#Altcoin_Dominance:   36 Previous: 36
#Total_MarketCap: (  150736064963$ Previous: 145355269056$
#FEAR_AND_GREED_INDEX:   10…",fear,new post in alarms   o  btc dominance    63 previous  63  tether dominance     3 previous  2  altcoin dominance    36 previous  36  total marketcap     150736064963  previous  145355269056   fear and greed index    1,"['o', 'btc', 'tether', 'altcoin', 'total', 'fear']",[],2020-03-13 18:02:17
1225517041584615432,"New post in ALARMS: #BTC_Dominance:   63 Previous: 63
#Tether_Dominance: (  3 Previous: 2
#O #Altcoin_Dominance: (  36 Previous: 36
#O #Total_MarketCap:   145355269056$ Previous: 158814889180$
#FEAR_AND_GREED_INDEX: ",fear,new post in alarms   btc dominance    63 previous  63  tether dominance     3 previous  2  o  altcoin dominance     36 previous  36  o  total marketcap    145355269056  previous  158814889180   fear and greed index,"['btc', 'tether', 'o', 'altcoin', 'o', 'total', 'fear']",[],2020-03-13 16:02:19
23219195,"-
#bathroom #selfie
-
Also, #last #two #rolls of 
#toilet #paper in the #unitedstates of #america 
-
Also, #wash #your #hands
-
#perspective #picoftheday 
-
#picture of #this
-
#today:
Mr. #Gorbachev bring #down
#germs on a #wall
& #everywhere #else
-



- ",fear,   bathroom  selfie   also   last  two  rolls of   toilet  paper in the  unitedstates of  america    also   wash  your  hands    perspective  picoftheday     picture of  this    today  mr   gorbachev bring  down  germs on a  wall    everywhere  else      ,"['bathroom', 'selfie', 'last', 'two', 'rolls', 'toilet', 'paper', 'unitedstates', 'america', 'wash', 'your', 'hands', 'perspective', 'picoftheday', 'picture', 'this', 'today', 'gorbachev', 'down', 'germs', 'wall', 'everywhere', 'else']",[],2020-03-13 15:09:08
94226790,It Doesnt #MATTER If The Weight Of The 🌎 Is Pulling You #DOWN; With #GOD You Have #EVERYTHING,fear,it doesnt  matter if the weight of the   is pulling you  down  with  god you have  everythi,"['matter', 'down', 'god', 'everyth']",[],2020-03-13 11:00:57
1225517041584615432,"New post in ALARMS: #BTC_Dominance: (  64 Previous: 63
#O #Tether_Dominance:   2 Previous: 3
#Altcoin_Dominance:   35 Previous: 36
#O #Total_MarketCap: (  158814889180$ Previous: 142889540910$
#FEAR_AND_GREED_INDEX: ",fear,new post in alarms   btc dominance     64 previous  63  o  tether dominance    2 previous  3  altcoin dominance    35 previous  36  o  total marketcap     158814889180  previous  142889540910   fear and greed index,"['btc', 'o', 'tether', 'altcoin', 'o', 'total', 'fear']",[],2020-03-13 10:02:17
1225517041584615432,"New post in ALARMS: #O #BTC_Dominance:   63 Previous: 64
#Tether_Dominance:   3 Previous: 3
#O #Altcoin_Dominance: (  36 Previous: 35
#Total_MarketCap: (  149290987968$ Previous: 142889540910$
#FEAR_AND_GREED_INDEX: ",fear,new post in alarms   o  btc dominance    63 previous  64  tether dominance    3 previous  3  o  altcoin dominance     36 previous  35  total marketcap     149290987968  previous  142889540910   fear and greed index,"['o', 'btc', 'tether', 'o', 'altcoin', 'total', 'fear']",[],2020-03-13 08:02:15
967477174994423809,"#America #shuts #down as Congress is warned 150MILLION will be infected with #coronavirus: #Highways and #airports are deserted, #DC is a #ghost #town and millions of people mob #grocery stores to get supplies

 via @MailOnline",fear, america  shuts  down as congress is warned 150million will be infected with  coronavirus   highways and  airports are deserted   dc is a  ghost  town and millions of people mob  grocery stores to get supplies   via  mailonli,"['america', 'shuts', 'down', 'coronavirus', 'highways', 'airports', 'dc', 'ghost', 'town', 'grocery']",['mailonl'],2020-03-13 07:44:51
1214496378912694273,"Lady Corona Original Character 😷
#anime #art #ArtistOnTwitter #animeartist #corona #CoronaVirusUpdates #sick #sad #commissionsopen ",fear,lady corona original character    anime  art  artistontwitter  animeartist  corona  coronavirusupdates  sick  sad  commissionsope,"['anime', 'art', 'artistontwitter', 'animeartist', 'corona', 'coronavirusupdates', 'sick', 'sad', 'commissionsop']",[],2020-03-15 12:32:29
22145398,@PatriotWe @nowitsbribery @Plasticdoe @talons918 @realkatiejow @AOC @ClarkCountySch The chemo has made it hard on my word recall but I still remember when my Mother taught me it wasn’t proper to make fun of those w/ mental disabilities. I’m sorry you didn’t have such an upbringing. May the Lord have mercy on you. #Sick #Sad,fear, patriotwe  nowitsbribery  plasticdoe  talons918  realkatiejow  aoc  clarkcountysch the chemo has made it hard on my word recall but i still remember when my mother taught me it wasn t proper to make fun of those w  mental disabilities  i m sorry you didn t have such an upbringing  may the lord have mercy on you   sick  s,"['sick', '']","['patriotwe', 'nowitsbribery', 'plasticdoe', 'talons', 'realkatiejow', 'aoc', 'clarkcountysch']",2020-03-15 12:00:23
1204344804487958529,"NZ, Taiwan, Singapore  loads of places with 0 cases of #covid19

#UK is a third world country full of selfish idiots that care little about 

#BorisJohnson 
#failedresponse
#coronavirus
#pandemic
#coronaUK
#coronavirusuk 
#sad",fear,nz  taiwan  singapore  loads of places with 0 cases of  covid19   uk is a third world country full of selfish idiots that care little about    borisjohnson   failedresponse  coronavirus  pandemic  coronauk  coronavirusuk   s,"['covid', 'uk', 'borisjohnson', 'failedresponse', 'coronavirus', 'pandemic', 'coronauk', 'coronavirusuk', '']",[],2020-03-15 07:53:26
3240910424,"Oh my just noticed June (aka Shoeonhead) is so sensitive she blocked me for dunking on her for having no clue about foreign policy.

Must be nice to pretend to be informed by echoing the popular Twitter opinion and blocking those who disagree.

#uspoli #Sad #pathetic #coward ",fear,oh my just noticed june  aka shoeonhead  is so sensitive she blocked me for dunking on her for having no clue about foreign policy   must be nice to pretend to be informed by echoing the popular twitter opinion and blocking those who disagree    uspoli  sad  pathetic  cowar,"['uspoli', 'sad', 'pathetic', 'cowa']",[],2020-03-15 07:17:21
2575436887,How hard is it to cover your mouth when you are coughing? #COVID19Vancouver #cough #idiots #socialetic #Frustration,fear,how hard is it to cover your mouth when you are coughing   covid19vancouver  cough  idiots  socialetic  frustrati,"['covid', 'cough', 'idiots', 'socialetic', 'frustrat']",[],2020-03-15 03:12:33
84330425,"What is Mediocre and why being Mediocre hurts every time?

See: 

@isrgrajan #SaturdayMotivation #IsrgRajan #dreams #frustration #humiliation #mediocre #success ",fear,what is mediocre and why being mediocre hurts every time   see     isrgrajan  saturdaymotivation  isrgrajan  dreams  frustration  humiliation  mediocre  succes,"['saturdaymotivation', 'isrgrajan', 'dreams', 'frustration', 'humiliation', 'mediocre', 'succe']",['isrgrajan'],2020-03-14 16:30:00
962681184483512321,It is #advisable to stay away from #unfaithful people than wishing they change someday after so much #frustration from them. They may #ruin your heart someday without #remedy.,fear,it is  advisable to stay away from  unfaithful people than wishing they change someday after so much  frustration from them  they may  ruin your heart someday without  remed,"['advisable', 'unfaithful', 'frustration', 'ruin', 'reme']",[],2020-03-12 05:30:57
84330425,"What is Mediocre and why being Mediocre hurts every time?

See: 

@isrgrajan #ThursdayMotivation #IsrgRajan #dreams #frustration #humiliation #mediocre #success ",fear,what is mediocre and why being mediocre hurts every time   see     isrgrajan  thursdaymotivation  isrgrajan  dreams  frustration  humiliation  mediocre  succes,"['thursdaymotivation', 'isrgrajan', 'dreams', 'frustration', 'humiliation', 'mediocre', 'succe']",['isrgrajan'],2020-03-12 04:00:01
1079292774661402624,"Don’t underestimate the effect of boredom, loss of freedom, cancelled family gatherings.  Reach out to your friends and family.  No shame in saying you’re #anxious or #depressed .  Many other will be too. Stay safe all.",fear,don t underestimate the effect of boredom  loss of freedom  cancelled family gatherings   reach out to your friends and family   no shame in saying you re  anxious or  depressed    many other will be too  stay safe al,"['anxious', 'depressed']",[],2020-03-15 02:13:02
860267087406575616,"My day in one photo 
#TryingToHoldOn
#depressed ",fear,my day in one photo   tryingtoholdon  depresse,"['tryingtoholdon', 'depress']",[],2020-03-15 01:26:23
1233754907339108353,"Relatable to anyone else? N just me, 
-
-
[Tags]
#Edit #depressed ",fear,relatable to anyone else  n just me        tags   edit  depresse,"['edit', 'depress']",[],2020-03-14 22:34:48
1232796076320731141,"I don’t think love is for me😭💔
#explorepage #sad #depressed ",fear,i don t think love is for me    explorepage  sad  depresse,"['explorepage', 'sad', 'depress']",[],2020-03-14 14:43:18
1042137401949347840,"Worry can overwhelm us when # dominates our  we can contain it somehow we may find  a two hour limit on it&set a  only allow ourselves to worry until lunchtime,make afternoons &evenings a worry-free  is doable. #depression",fear,worry can overwhelm us when   dominates our  we can contain it somehow we may find  a two hour limit on it set a  only allow ourselves to worry until lunchtime make afternoons  evenings a worry free  is doable   depressi,"['dominates', 'our', 'we', 'can', 'contain', 'it', 'somehow', 'we', 'may', 'find', 'a', 'two', 'hour', 'limit', 'on', 'it', 'depress']",[],2020-03-14 10:50:01
1027382574379937793,🧝🏻‍♀️ + “YOU WERE NOT CREATED TO LIVE #DEPRESSED; #GUILTY; #CONDEMNED; #ASHAMED; #UNWORTHY! YOU WERE CREATED TO BE #VICTORIOUS” ,fear,         you were not created to live  depressed   guilty   condemned   ashamed   unworthy  you were created to be  victorious,"['depressed', 'guilty', 'condemned', 'ashamed', 'unworthy', 'victoriou']",[],2020-03-14 03:31:26
57866515,"I felt #depressed & #hopeless when my #LTD clm was closed by @The_Standard💩. I was actually mad @ myself for being #sick🙄! But the gift is in the #stories,  and the #warriors Ive ""met"". There are some badasses in this #disability community. Never give  #Chiaristrong ",fear,i felt  depressed    hopeless when my  ltd clm was closed by  the standard   i was actually mad   myself for being  sick   but the gift is in the  stories   and the  warriors ive  met   there are some badasses in this  disability community  never give   chiaristron,"['depressed', 'hopeless', 'ltd', 'sick', 'stories', 'warriors', 'disability', 'chiaristro']","['the', 'myself', 'for', 'being']",2020-03-14 02:42:57
23142018,"Choose to be like us, dont stifle or stunt what the Spirit of God might wanna say to you, open up the atmospheres around you and perfume it with sweet sounding praise, let go.  

#tired #depressed ",fear,choose to be like us  dont stifle or stunt what the spirit of god might wanna say to you  open up the atmospheres around you and perfume it with sweet sounding praise  let go      tired  depresse,"['tired', 'depress']",[],2020-03-13 22:04:03
1016094342304460805,Powerful! Shame is also fed my the relentless ruminations (negative) thoughts that assault us day and night when we’re depressed. #depressed ,fear,powerful  shame is also fed my the relentless ruminations  negative  thoughts that assault us day and night when we re depressed   depresse,['depress'],[],2020-03-13 20:03:40
49249815,"A resource for the #anxious and #depressed regarding #COVID19 #coronavirus Please share!
",fear,a resource for the  anxious and  depressed regarding  covid19  coronavirus please share,"['anxious', 'depressed', 'covid', 'coronavirus']",[],2020-03-13 18:56:39
36605418,life changes so fast. #Gloomy #fridaythe13th #socialdistancing #ominous  #hollywoodsign #hollywoodland @ Hollywood Sign ,fear,life changes so fast   gloomy  fridaythe13th  socialdistancing  ominous   hollywoodsign  hollywoodland   hollywood sig,"['gloomy', 'fridaythe', 'socialdistancing', 'ominous', 'hollywoodsign', 'hollywoodland']","['hollywood', 'si']",2020-03-14 02:13:59
4652993655,"Cant profess to know much re. #COVIDー19 as experts

But I know what matters to make markets move

#Perception
#Fear
#Sentiment
#Herds
#Emotions

Degree of truth within scaremongering is now irrelevant

What matters is people *belief* which leads to Self-Fulfilling Prophecies ",fear,cant profess to know much re   covidー19 as experts  but i know what matters to make markets move   perception  fear  sentiment  herds  emotions  degree of truth within scaremongering is now irrelevant  what matters is people  belief  which leads to self fulfilling prophecie,"['covidー', 'perception', 'fear', 'sentiment', 'herds', 'emotions']",[],2020-03-15 13:02:10
1199341612175806464,"#HappySunday to #StationeryLovers around the #world. Remember, you can #SpreadLove & #Kindness instead of #Fear & #Panic. The World could use some #StationeryAddicts to make things easier.

#Stationeryville #BulletJournal #Pens #Washi #Stationery #SayNoToFear #bulletjournallove ",fear, happysunday to  stationerylovers around the  world  remember  you can  spreadlove    kindness instead of  fear    panic  the world could use some  stationeryaddicts to make things easier    stationeryville  bulletjournal  pens  washi  stationery  saynotofear  bulletjournallov,"['happysunday', 'stationerylovers', 'world', 'spreadlove', 'kindness', 'fear', 'panic', 'stationeryaddicts', 'stationeryville', 'bulletjournal', 'pens', 'washi', 'stationery', 'saynotofear', 'bulletjournallo']",[],2020-03-15 13:02:03
1418644652,"@HeyTammyBruce Hallelujah! I hope so! Certainly, I want it to help people, but at this point, it would do more to calm the unjustified #fear that is running rampant and being fueled by the MSM! #fearmongering Maybe we can get some #tolietpaper again as well!",fear, heytammybruce hallelujah  i hope so  certainly  i want it to help people  but at this point  it would do more to calm the unjustified  fear that is running rampant and being fueled by the msm   fearmongering maybe we can get some  tolietpaper again as wel,"['fear', 'fearmongering', 'tolietpaper']",['heytammybruce'],2020-03-15 13:01:45
1137776145531920384,"How to overcome the fear of cold calling and cold calling anxiety 

Check out the video here:  

#fear #sales",fear,how to overcome the fear of cold calling and cold calling anxiety   check out the video here      fear  sal,"['fear', 'sa']",[],2020-03-15 12:57:25
1418644652,"@DuszaLukasz #Fear is a powerful force being driven by the MSM. It is causing people to act crazy  hoarding #tolietpaper, etc. #HerdMentality 
Of course, we should all be vigilant. wash hands, take precautions, reassess situations, etc. But enough with the knee jerk reactions—it’s crazy!",fear, duszalukasz  fear is a powerful force being driven by the msm  it is causing people to act crazy  hoarding  tolietpaper  etc   herdmentality  of course  we should all be vigilant  wash hands  take precautions  reassess situations  etc  but enough with the knee jerk reactions it s craz,"['fear', 'tolietpaper', 'herdmentality']",['duszalukasz'],2020-03-15 12:56:00
21726856,glad @tomhanks & wife are in #Australia At least they are safer than any of these poor over tired over anxious stressed out scared people. This is a #crime it’s got to stop/someone needs to take charge of this immediately #NOW 🙏#CoronavirusOutbreak #USAAirports #pandemic #fear ,fear,glad  tomhanks   wife are in  australia at least they are safer than any of these poor over tired over anxious stressed out scared people  this is a  crime it s got to stop someone needs to take charge of this immediately  now   coronavirusoutbreak  usaairports  pandemic  fea,"['australia', 'crime', 'now', 'coronavirusoutbreak', 'usaairports', 'pandemic', 'fe']",['tomhanks'],2020-03-15 12:49:57
16386816,"Remove the #fear 

#Wash your hands 

Remove the #fear 

#Wash your hands 

Remove the #fear 

#Wash your hands 

Remove the #fear 

#Wash your hands 

Remove the #fear 

#Wash your hands 

Remove the #fear 

#Wash your hands ",fear,remove the  fear    wash your hands   remove the  fear    wash your hands   remove the  fear    wash your hands   remove the  fear    wash your hands   remove the  fear    wash your hands   remove the  fear    wash your hand,"['fear', 'wash', 'fear', 'wash', 'fear', 'wash', 'fear', 'wash', 'fear', 'wash', 'fear', 'wash']",[],2020-03-15 12:46:19
55972325,"Fear is Trending
Why do we allow fear to control us?
#fear #mentalhealth #diplomacy  ",fear,fear is trending why do we allow fear to control us   fear  mentalhealth  diplomacy,"['fear', 'mentalhealth', 'diplomac']",[],2020-03-15 12:41:26
879332878089420800,"@EricRWeinstein @educatedpleb Id second @elonmusk 

but add:

#Panic and #fear are a mind-killer.

We are seeing it every second of the day with unmitigated panic, panic buying, self-centred choices to spread rumour Op-Ed to fear monger.

#perspective #COVIDー19 
#PanicKillsTheVulnerable",fear, ericrweinstein  educatedpleb id second  elonmusk   but add    panic and  fear are a mind killer   we are seeing it every second of the day with unmitigated panic  panic buying  self centred choices to spread rumour op ed to fear monger    perspective  covidー19   panickillsthevulnerab,"['panic', 'fear', 'perspective', 'covidー', 'panickillsthevulnera']","['ericrweinstein', 'educatedpleb', 'elonmusk']",2020-03-15 12:41:18
776536519158951936,"#fear , you people who are buying all the toilet paper really you think you are going to be craping 💩 all the time while you are getting TP you better get some Preparation H because with all that TP you going need it #",fear, fear   you people who are buying all the toilet paper really you think you are going to be craping   all the time while you are getting tp you better get some preparation h because with all that tp you going need it,['fear'],[],2020-03-15 12:37:00
111711390,"A great thread, outlines the importance of open, transparent and honest leadership at this time. A daily update from experts is needed to ease #fear and #panicshopping 🙏 We need up to date information daily to fight  #COVIDー19 ",fear,a great thread  outlines the importance of open  transparent and honest leadership at this time  a daily update from experts is needed to ease  fear and  panicshopping   we need up to date information daily to fight   covidー1,"['fear', 'panicshopping', 'covidー']",[],2020-03-15 12:28:02
2745695938,"Fear manifests itself in many ways. Dont laugh at people. First think!
The last couple of days weve seen many ways of how people try to manage their #fear. Different coping mechanisms. Lots of things happening in the brain… #amygdala

Stay safe.

 ",fear,fear manifests itself in many ways  dont laugh at people  first think  the last couple of days weve seen many ways of how people try to manage their  fear  different coping mechanisms  lots of things happening in the brain   amygdala  stay safe  ,"['fear', 'amygdala']",[],2020-03-15 12:24:52
114805241,"– Above all else, guard your heart, for everything you do flows from  #panicbuying #Hoarding #fear #Proverbs #coronavirus Proverbs 4 ",fear,aboveallelseguardyourheartforeverythingyoudoflowsfrompanicbuyinghoardingfearproverbscoronavirusproverbs,"['panicbuying', 'hoarding', 'fear', 'proverbs', 'coronavirus']",[],2020-03-15 12:22:32
920076823,🔴 LIVE PODCAST: Episode 48 - Feeling Consumed By Fear? Try This! - Before My Morning Coffee Rebel Hearted on @Spreaker #coaching #fear #goals #living #love #morning #pandemic #tools ,fear,  live podcast  episode 48   feeling consumed by fear  try this    before my morning coffee rebel hearted on  spreaker  coaching  fear  goals  living  love  morning  pandemic  tool,"['coaching', 'fear', 'goals', 'living', 'love', 'morning', 'pandemic', 'too']",['spreaker'],2020-03-15 12:21:26
14936771,"THIS.

#coronavirus #covid19 #fear #energy #sundaymotivation #sundaymorning ",fear,this    coronavirus  covid19  fear  energy  sundaymotivation  sundaymornin,"['coronavirus', 'covid', 'fear', 'energy', 'sundaymotivation', 'sundaymorni']",[],2020-03-15 12:18:05
773113173264195584,I am amazed by the different attitudes of the Irish  Some people are choosing to remain in denial - it’s more comfortable than acceptance of actual facts & truth. They fear #fear. Their true character has been & will continue to emerge over the coming  #nofacades ,fear,i am amazed by the different attitudes of the irish  some people are choosing to remain in denial   it s more comfortable than acceptance of actual facts   truth  they fear  fear  their true character has been   will continue to emerge over the coming   nofacade,"['fear', 'nofacad']",[],2020-03-15 12:12:21
831903566088507393,"This is how @thetimes spreads #fear and #panic about #coronavirus #COVID19 #pandemic #outbreak

#coronapocolypse
#PublicHealth
#epidemic
#HighRiskCOVID19
#COVIDー19
#coronaUK

This #resource provides more #hope  ",fear,this is how  thetimes spreads  fear and  panic about  coronavirus  covid19  pandemic  outbreak   coronapocolypse  publichealth  epidemic  highriskcovid19  covidー19  coronauk  this  resource provides more  hope,"['fear', 'panic', 'coronavirus', 'covid', 'pandemic', 'outbreak', 'coronapocolypse', 'publichealth', 'epidemic', 'highriskcovid', 'covidー', 'coronauk', 'resource', 'hop']",['thetimes'],2020-03-15 12:10:18
1137776145531920384,"The One this worse than a quitter is the person who is afraid to  - Jack Canfield 

Action cures FEAR

#fear #success

 ",fear,the one this worse than a quitter is the person who is afraid to    jack canfield   action cures fear   fear  success ,"['fear', 'success']",[],2020-03-15 12:09:30
37917518,#SundayThoughts 6 tips to overcome fear  #fear #tips #worry #anxiety ,fear, sundaythoughts 6 tips to overcome fear   fear  tips  worry  anxiet,"['sundaythoughts', 'fear', 'tips', 'worry', 'anxie']",[],2020-03-15 12:00:30
22384582,Fear of Flying? Try this Easy Exercise   #fear #flying airlines travel ,fear,fear of flying  try this easy exercise    fear  flying airlines trave,"['fear', 'flying']",[],2020-03-15 12:00:20
259465679,"Our latest monthly newsletter on ""Coronavirus & the Information Cycle in Markets"" #covid19 #fear #sp500 ",fear,our latest monthly newsletter on  coronavirus   the information cycle in markets   covid19  fear  sp50,"['covid', 'fear', 'sp']",[],2020-03-15 11:59:40
229668653,"Our latest monthly newsletter on ""Coronavirus & the Information Cycle in Markets"" #covid19 #fear #sp500 ",fear,our latest monthly newsletter on  coronavirus   the information cycle in markets   covid19  fear  sp50,"['covid', 'fear', 'sp']",[],2020-03-15 11:59:03
831903566088507393,"This is how @dailymirror @MartinBagot @BorisJohnson @uksciencechief spread #fear and #panic about #coronavirus #COVID19 #pandemic #outbreak

#coronapocolypse
#PublicHealth
#epidemic
#HighRiskCOVID19
#COVIDー19
#coronaUK

This #resource provides more #hope  ",fear,this is how  dailymirror  martinbagot  borisjohnson  uksciencechief spread  fear and  panic about  coronavirus  covid19  pandemic  outbreak   coronapocolypse  publichealth  epidemic  highriskcovid19  covidー19  coronauk  this  resource provides more  hope,"['fear', 'panic', 'coronavirus', 'covid', 'pandemic', 'outbreak', 'coronapocolypse', 'publichealth', 'epidemic', 'highriskcovid', 'covidー', 'coronauk', 'resource', 'hop']","['dailymirror', 'martinbagot', 'borisjohnson', 'uksciencechief']",2020-03-15 11:58:00
259500767,"Our latest monthly newsletter on ""Coronavirus & the Information Cycle in Markets"" #covid19 #fear #sp500 ",fear,our latest monthly newsletter on  coronavirus   the information cycle in markets   covid19  fear  sp50,"['covid', 'fear', 'sp']",[],2020-03-15 11:56:14
144334879,"#Fear is powerful because it can create realistic #illusions that prevent you from an honest enjoyment of life. All these events happen because of human #disconnection. We do it to ourselves, but now is the time to fix things. We humans are #nature and the world.",fear, fear is powerful because it can create realistic  illusions that prevent you from an honest enjoyment of life  all these events happen because of human  disconnection  we do it to ourselves  but now is the time to fix things  we humans are  nature and the worl,"['fear', 'illusions', 'disconnection', 'nature']",[],2020-03-15 11:52:19
143877287,"Is America great yet? 311 days, or fewer, until this national nightmare is over. 
#NotMyPresident
#UnrivaledIncompetence
#Resist
#KingTrump
#CommanderOfChaos
#Fear
#AnyoneButTrump2020",fear,is america great yet  311 days  or fewer  until this national nightmare is over    notmypresident  unrivaledincompetence  resist  kingtrump  commanderofchaos  fear  anyonebuttrump20,"['notmypresident', 'unrivaledincompetence', 'resist', 'kingtrump', 'commanderofchaos', 'fear', 'anyonebuttrump']",[],2020-03-15 11:52:11
130467057,Fear and faith are both part of the spiritual journey  #fear #bible #faith ,fear,fear and faith are both part of the spiritual journey   fear  bible  fait,"['fear', 'bible', 'fai']",[],2020-03-15 11:50:41
1105365564388593664,"""So do not fear, for I am with you; do not be dismayed, for I am your God. I will strengthen you and help you; I will uphold you with my righteous right  Isaiah 41 NIV

#YAHUSHUA #JESUSCHRIST #JESUS #CHRIST #LORD #GOD #Fear #Dismayed #Strengthen #Help #Uphold #Righteous ",fear, so do not fear  for i am with you  do not be dismayed  for i am your god  i will strengthen you and help you  i will uphold you with my righteous right  isaiah 41 niv   yahushua  jesuschrist  jesus  christ  lord  god  fear  dismayed  strengthen  help  uphold  righteou,"['yahushua', 'jesuschrist', 'jesus', 'christ', 'lord', 'god', 'fear', 'dismayed', 'strengthen', 'help', 'uphold', 'righteo']",[],2020-03-15 11:49:50
1027592821501558789,"For more visit 

#coronavirus #china #memes #rpm #life #stayhome #like #cold #nofear #fear #follow #repost #urbansurvival #beready #preppernation #virus #quoteoftheday #quotes #quote #lifequotes #hope #pandemic #COVIDー19 #virologia #studygram #med #flu ",fear,for more visit    coronavirus  china  memes  rpm  life  stayhome  like  cold  nofear  fear  follow  repost  urbansurvival  beready  preppernation  virus  quoteoftheday  quotes  quote  lifequotes  hope  pandemic  covidー19  virologia  studygram  med  fl,"['coronavirus', 'china', 'memes', 'rpm', 'life', 'stayhome', 'like', 'cold', 'nofear', 'fear', 'follow', 'repost', 'urbansurvival', 'beready', 'preppernation', 'virus', 'quoteoftheday', 'quotes', 'quote', 'lifequotes', 'hope', 'pandemic', 'covidー', 'virologia', 'studygram', 'med', 'f']",[],2020-03-15 11:48:39
211086919,"How to Deal with Fear & Uncertainty at this time. This story has been saved to our ""Up & Downs"" Highlight.

#Recovery 
#fear
#panic
#uncertainty
#hope ",fear,how to deal with fear   uncertainty at this time  this story has been saved to our  up   downs  highlight    recovery   fear  panic  uncertainty  hop,"['recovery', 'fear', 'panic', 'uncertainty', 'ho']",[],2020-03-15 11:41:33
826548204191756289,#Fear is the Pandemic.,fear, fear is the pandemi,['fear'],[],2020-03-15 11:29:13
716905889,"Coronavirus is a huge labor issue, this week in the war on workers #EffectsEveryoneEverywhere #Risk #Fear ",fear,coronavirus is a huge labor issue  this week in the war on workers  effectseveryoneeverywhere  risk  fea,"['effectseveryoneeverywhere', 'risk', 'fe']",[],2020-03-15 11:11:51
2737008044,"Joshua 1 KJV
“Have not I commanded thee? Be #strong and of a good #courage; be not #afraid, neither be thou #dismayed: for the Lord thy #God is with thee whithersoever thou 
#Faith &gt; #Fear
#SundayMorning
My #Hope is in #God.  He is #trustworthy and #true!",fear,joshua 1 kjv  have not i commanded thee  be  strong and of a good  courage  be not  afraid  neither be thou  dismayed  for the lord thy  god is with thee whithersoever thou   faith  gt   fear  sundaymorning my  hope is in  god   he is  trustworthy and  tru,"['strong', 'courage', 'afraid', 'dismayed', 'god', 'faith', 'fear', 'sundaymorning', 'hope', 'god', 'trustworthy', 'tr']",[],2020-03-15 11:08:39
3295102338,How does a few thousand people control a few billion people #fear !!,fear,howdoesafewthousandpeoplecontrolafewbillionpeoplefear,['fear'],[],2020-03-15 11:06:47
232050451,#Coronavirus #Anxiety 101: #Worry #Fear & How Not to P behind the anxiety & tips to handle it  #HealthyPlace,fear, coronavirus  anxiety 101   worry  fear   how not to p behind the anxiety   tips to handle it   healthypla,"['coronavirus', 'anxiety', 'worry', 'fear', 'healthypl']",[],2020-03-15 11:05:20
961650873234575360,“I believe words are important. The way you put words together is important. Even small changes to how you formulate a sentence can have totally different  About #COVIDー19 #COVID19sverige #communication #Fear #livinglife ,fear, i believe words are important  the way you put words together is important  even small changes to how you formulate a sentence can have totally different  about  covidー19  covid19sverige  communication  fear  livinglif,"['covidー', 'covid', 'communication', 'fear', 'livingli']",[],2020-03-15 11:04:11
760039195,What is the world coming to when people are panic buying with no consideration for others 😞 People are losing compassion for one another. #selfisolationgame #mobility #fear #care #COVIDー19 #CoronaVirusUpdates #MentalHealthAwareness #elderly #HelpEachOther #community #Hope ,fear,what is the world coming to when people are panic buying with no consideration for others   people are losing compassion for one another   selfisolationgame  mobility  fear  care  covidー19  coronavirusupdates  mentalhealthawareness  elderly  helpeachother  community  hop,"['selfisolationgame', 'mobility', 'fear', 'care', 'covidー', 'coronavirusupdates', 'mentalhealthawareness', 'elderly', 'helpeachother', 'community', 'ho']",[],2020-03-15 11:00:33
785414528120918016,"How have more than 70,000 recovered from the virus without a vaccine? 

BOOST YOUR IMMUNE SYSTEM!

FEAR is the real virus!

#COVIDー19 #fear #ImmuneSystem #FightVirus #FightCovid ",fear,how have more than 70 000 recovered from the virus without a vaccine    boost your immune system   fear is the real virus    covidー19  fear  immunesystem  fightvirus  fightcovi,"['covidー', 'fear', 'immunesystem', 'fightvirus', 'fightcov']",[],2020-03-15 11:00:02
100986964,"#Barry Glassner: It #fear, not coronavirus, that roiling world markets and upending da - Mar 15 @ 6 AM ET ",fear, barry glassner  it  fear  not coronavirus  that roiling world markets and upending da   mar 15   6 am e,"['barry', 'fear']",[],2020-03-15 10:58:49
2236852344,@officialmcafee Now it all starting to make sense. #COVIDー19 is bad but the #fear is being ,fear, officialmcafee now it all starting to make sense   covidー19 is bad but the  fear is bein,"['covidー', 'fear']",['officialmcafee'],2020-03-15 10:57:34
3068690196,How Leaders Maintain Confidence During Uncertainty  #Leaders #Leader #Uncertainty #Leadership #Confidence #Fear #Certainty #CXO #CEO #CSuite #Vision,fear,how leaders maintain confidence during uncertainty   leaders  leader  uncertainty  leadership  confidence  fear  certainty  cxo  ceo  csuite  visi,"['leaders', 'leader', 'uncertainty', 'leadership', 'confidence', 'fear', 'certainty', 'cxo', 'ceo', 'csuite', 'vis']",[],2020-03-15 10:55:00
1140182948852981760,Dont be #afraid to be #different.  #fear to be the same as #others. ,fear,dont be  afraid to be  different    fear to be the same as  others,"['afraid', 'different', 'fear', 'other']",[],2020-03-15 10:46:53
218810783,"I find people often know the right thing to do, it’s simply #fear which stops them 🙏 #gocourage ",fear,i find people often know the right thing to do  it s simply  fear which stops them    gocourag,"['fear', 'gocoura']",[],2020-03-15 10:44:40
892823857190625283,"Where are the Marillion fans??

How do you guys like FEAR??

🙏🔥🔥🔥🎤🎸🎹🥁🔥🔥🔥🙏

#Marillion
#FEAR  
#TheNewKings 
#ProgRock 

",fear,wherearethemarillionfanshowdoyouguyslikefearmarillionfearthenewkingsprogrock,"['marillion', 'fear', 'thenewkings', 'progrock']",[],2020-03-15 10:44:34
1137776145531920384,"How to get over fear of talking to people in network marketing 

Check out the video here: 

#fear #mlm",fear,how to get over fear of talking to people in network marketing   check out the video here     fear  m,"['fear', '']",[],2020-03-15 10:44:15
2973364133,"EVERYBODY STOP DRIVING!!!!! There were 27,820 killed or seriously injured casualties (KSIs) in reported road traffic accidents reported to the police, for the year ending June 2019 #fear #coronavirus #coronavirusuk #bbcnews @BorisJohnson ",fear,everybody stop driving      there were 27 820 killed or seriously injured casualties  ksis  in reported road traffic accidents reported to the police  for the year ending june 2019  fear  coronavirus  coronavirusuk  bbcnews  borisjohnso,"['fear', 'coronavirus', 'coronavirusuk', 'bbcnews']",['borisjohns'],2020-03-15 10:42:49
3426181779,"@Michael41621150 @chris19052 @BeeAHoney_ @peanut_astro I spent time in Egypt after revolution. People brave, educated, smart, warm. Well able to make the country great. But politics of #Islam buries creativity, instill #fear. Keeps them in relative poverty. So sad. Devout Christian systematically murdered by #Islamists/#ISIS cells.",fear, michael41621150  chris19052  beeahoney   peanut astro i spent time in egypt after revolution  people brave  educated  smart  warm  well able to make the country great  but politics of  islam buries creativity  instill  fear  keeps them in relative poverty  so sad  devout christian systematically murdered by  islamists  isis cell,"['islam', 'fear', 'islamists', 'isis']","['michael', 'chris', 'beeahoney', 'peanut']",2020-03-15 10:37:51
1177770776050765824,"There is a fear that the corona virus will goes before my 
#Fear #exams #CoronaVirusPakistan 
@its_high_volts",fear,there is a fear that the corona virus will goes before my   fear  exams  coronaviruspakistan   its high vol,"['fear', 'exams', 'coronaviruspakistan']",['its'],2020-03-15 10:37:46
91572858,"#TweetLyric
Ill always be afraid of losing you, I will
Ill always be afraid of losing you, I will
I dont wanna have to figure out
How Im gonna learn to live without
There nothing in the world that I can do
Ill always be afraid of losing you
@gnash
#fear 
🎼🎼🎼🎼🎼🎼🎼🎼🎼",fear, tweetlyric ill always be afraid of losing you  i will ill always be afraid of losing you  i will i dont wanna have to figure out how im gonna learn to live without there nothing in the world that i can do ill always be afraid of losing you  gnash  fear         ,"['tweetlyric', 'fear']",['gnash'],2020-03-15 10:35:13
1277073571,"How d authorities r tackling #Questions on #Corona testings 4 #poor #citizens in their countries!
Responses frm #governments and officials can ease the #fear #scare #trauma & #problems #problem of #patients 
#Coronaindia #coronavirus #CoronaVirusUpdates #CoronaKoDhona #COVID2019  ",fear,how d authorities r tackling  questions on  corona testings 4  poor  citizens in their countries  responses frm  governments and officials can ease the  fear  scare  trauma    problems  problem of  patients   coronaindia  coronavirus  coronavirusupdates  coronakodhona  covid2019,"['questions', 'corona', 'poor', 'citizens', 'governments', 'fear', 'scare', 'trauma', 'problems', 'problem', 'patients', 'coronaindia', 'coronavirus', 'coronavirusupdates', 'coronakodhona', 'covid']",[],2020-03-15 10:33:14
18200348,LETS TALK BEFORE YOU LEAVE. #toiletpaper #toilet #myfriend #myfriends #fear #fearless #courage #missyou #miss #missingyou #secret #shortage #headshots #headshot #art #artistic #artists #artistsofinstagram #quotes… ,fear,lets talk before you leave   toiletpaper  toilet  myfriend  myfriends  fear  fearless  courage  missyou  miss  missingyou  secret  shortage  headshots  headshot  art  artistic  artists  artistsofinstagram  quotes,"['toiletpaper', 'toilet', 'myfriend', 'myfriends', 'fear', 'fearless', 'courage', 'missyou', 'miss', 'missingyou', 'secret', 'shortage', 'headshots', 'headshot', 'art', 'artistic', 'artists', 'artistsofinstagram', 'quote']",[],2020-03-15 10:28:52
1277073571,"How d authorities r tackling #Questions on #Corona testings 4 #poor #citizens in their countries!
Responses frm #governments and officials can ease the #fear #scare #trauma & #problems #problem of #patients 
#Coronaindia #coronavirus #CoronaVirusUpdates #CoronaKoDhona #COVID2019 ",fear,how d authorities r tackling  questions on  corona testings 4  poor  citizens in their countries  responses frm  governments and officials can ease the  fear  scare  trauma    problems  problem of  patients   coronaindia  coronavirus  coronavirusupdates  coronakodhona  covid201,"['questions', 'corona', 'poor', 'citizens', 'governments', 'fear', 'scare', 'trauma', 'problems', 'problem', 'patients', 'coronaindia', 'coronavirus', 'coronavirusupdates', 'coronakodhona', 'covid']",[],2020-03-15 10:15:46
508366228,"@AnnWyattonFOX46 The media caused  So how can you say its nuts? Or do mean ""nuts"" as  look what we caused?? #panic and #fear",fear, annwyattonfox46 the media caused  so how can you say its nuts  or do mean  nuts  as  look what we caused    panic and  fe,"['panic', 'f']",['annwyattonfox'],2020-03-15 10:11:37
51151535,"@ja_qah Im undecided but more comfortable in the #hodl. For many reasons, there is a case to say the #fear is now priced in, meaning everything is cheap? Then there is a case that it isnt?! [gets popcorn and washes hands].",fear, ja qah im undecided but more comfortable in the  hodl  for many reasons  there is a case to say the  fear is now priced in  meaning everything is cheap  then there is a case that it isnt    gets popcorn and washes hands,"['hodl', 'fear']",['ja'],2020-03-15 10:04:50
1233814827627433986,"I have been hearing a lot from friends in Italy how stunned they are by the #silence.

In the heart of #Milan and #Begramo, two of the most industrious cities in Europe, you can hear a pin drop.

Silence is a novelty and it’s frightening. #Peace equals #fear in these times.",fear,i have been hearing a lot from friends in italy how stunned they are by the  silence   in the heart of  milan and  begramo  two of the most industrious cities in europe  you can hear a pin drop   silence is a novelty and it s frightening   peace equals  fear in these time,"['silence', 'milan', 'begramo', 'peace', 'fear']",[],2020-03-15 09:52:49
1235148335708807168,"His response: “I definitely have a kind of social media phobia. Please, dont forget to send cool scientific material to your old-fashioned friend (me) in an old-fashioned way (e-mail) 2/2

What is wrong with us old-school scientists?😬

#fear #phobia #socialmedia #outreach",fear,his response   i definitely have a kind of social media phobia  please  dont forget to send cool scientific material to your old fashioned friend  me  in an old fashioned way  e mail  2 2  what is wrong with us old school scientists     fear  phobia  socialmedia  outrea,"['fear', 'phobia', 'socialmedia', 'outre']",[],2020-03-15 09:50:28
82817973,French election with covid-19 alert #elections #france #localelections #local #municipales2020 #tours @villedetours @igerstours #coronavirus #covid_19 #fear #health #disease  ,fear,french election with covid 19 alert  elections  france  localelections  local  municipales2020  tours  villedetours  igerstours  coronavirus  covid 19  fear  health  disease,"['elections', 'france', 'localelections', 'local', 'municipales', 'tours', 'coronavirus', 'covid', 'fear', 'health', 'diseas']","['villedetours', 'igerstours']",2020-03-15 09:49:26
760039195,What is the world coming to when people are panic buying with no consideration for of others 😞 People are losing compassion for one another. #selfisolationgame #mobility #fear #care #COVIDー19 #CoronaVirusUpdates #MentalHealthAwareness #elderly #HelpEachOther #community #Hope ,fear,what is the world coming to when people are panic buying with no consideration for of others   people are losing compassion for one another   selfisolationgame  mobility  fear  care  covidー19  coronavirusupdates  mentalhealthawareness  elderly  helpeachother  community  hop,"['selfisolationgame', 'mobility', 'fear', 'care', 'covidー', 'coronavirusupdates', 'mentalhealthawareness', 'elderly', 'helpeachother', 'community', 'ho']",[],2020-03-15 09:43:32
1030475353570140161,"In these times of #fear, #stress and #uncertainty it is vital that we listen to #children and provide them with support no matter what our fears are #coronavirus #wecanaccess",fear,in these times of  fear   stress and  uncertainty it is vital that we listen to  children and provide them with support no matter what our fears are  coronavirus  wecanacce,"['fear', 'stress', 'uncertainty', 'children', 'coronavirus', 'wecanacc']",[],2020-03-15 09:43:05
1060595555104157702,"What I originally knew from movies has become  virus, panic, lockdowns worldwide, empty foodstores, panic  like a zombie movie just without  #corona #SARSCoV2 #fear #zombies #panic #lockdown #Notstand #angst #panik #help",fear,what i originally knew from movies has become  virus  panic  lockdowns worldwide  empty foodstores  panic  like a zombie movie just without   corona  sarscov2  fear  zombies  panic  lockdown  notstand  angst  panik  he,"['corona', 'sarscov', 'fear', 'zombies', 'panic', 'lockdown', 'notstand', 'angst', 'panik', 'h']",[],2020-03-15 09:40:49
49390603,"@elonmusk That´s right! #AfterEarth: #Fear is not real, it´s a decision. But #danger is real. Solve the problem.",fear, elonmusk that s right   afterearth   fear is not real  it s a decision  but  danger is real  solve the proble,"['afterearth', 'fear', 'danger']",['elonmusk'],2020-03-15 09:38:52
1113768575393599488,Must read #mindset #fear #pain #Healthcare #healthylifestyle #HealthyLiving #education #enlightenment #blog ,fear,must read  mindset  fear  pain  healthcare  healthylifestyle  healthyliving  education  enlightenment  blo,"['mindset', 'fear', 'pain', 'healthcare', 'healthylifestyle', 'healthyliving', 'education', 'enlightenment', 'bl']",[],2020-03-15 09:36:07
456122411,Self-isolation advice about not leaving house for months for over-70s is madness if you can do it and avoid close contact with humans.  #coronavirus #fear #getoutside,fear,self isolation advice about not leaving house for months for over 70s is madness if you can do it and avoid close contact with humans    coronavirus  fear  getoutsi,"['coronavirus', 'fear', 'getouts']",[],2020-03-15 09:20:11
3295691717,It would help alleviate #fear during the #coronavirus #pandemic if the #chiefmedicalofficer did a live daily update.  People could then understand the #science behind the #policy.,fear,it would help alleviate  fear during the  coronavirus  pandemic if the  chiefmedicalofficer did a live daily update   people could then understand the  science behind the  polic,"['fear', 'coronavirus', 'pandemic', 'chiefmedicalofficer', 'science', 'poli']",[],2020-03-15 09:17:50
166193092,"#coronavirus #coronavirusitalia The ONLY thing people in #Canada or the #US are saying at present is that it is  NOT a deadly #virus. They just rebuke me because I bring #fear. Do I believe in #conspiracy? I think there is too much evidence for not to. NOW, LETS HELP PEOPLE.",fear, coronavirus  coronavirusitalia the only thing people in  canada or the  us are saying at present is that it is  not a deadly  virus  they just rebuke me because i bring  fear  do i believe in  conspiracy  i think there is too much evidence for not to  now  lets help peopl,"['coronavirus', 'coronavirusitalia', 'canada', 'us', 'virus', 'fear', 'conspiracy']",[],2020-03-15 09:16:14
41218184,"THIS! 👇🏿

Been alarmed at the push back I have had when providing advice & suggestions to folks. Basics advice at times. 🤷🏿‍♀️

It’s been baffling to me but thanks @hels for helping me understand the possible reasons for these reactions. #fear #wegonebealright #coronavirus ",fear,this      been alarmed at the push back i have had when providing advice   suggestions to folks  basics advice at times         it s been baffling to me but thanks  hels for helping me understand the possible reasons for these reactions   fear  wegonebealright  coronaviru,"['fear', 'wegonebealright', 'coronavir']",['hels'],2020-03-15 09:12:29
375115638,#diemachtdergefühle #thepowerofemotions #germany #germany1919 20 emotions over 100 years #disgust #love #empathy #shame by #RemembranceResponsibilityFutureFoundation #EVZFoundation #history #revolution on exhibition… ,fear, diemachtdergefühle  thepowerofemotions  germany  germany1919 20 emotions over 100 years  disgust  love  empathy  shame by  remembranceresponsibilityfuturefoundation  evzfoundation  history  revolution on exhibition,"['diemachtdergefühle', 'thepowerofemotions', 'germany', 'germany', 'disgust', 'love', 'empathy', 'shame', 'remembranceresponsibilityfuturefoundation', 'evzfoundation', 'history', 'revolution']",[],2020-03-14 22:43:02
375115638,#diemachtdergefühle #thepowerofemotions #germany #germany1919 20 emotions over 100 years #disgust #love #empathy #shame by #RemembranceResponsibilityFutureFoundation #EVZFoundation #history #revolution on exhibition… ,fear, diemachtdergefühle  thepowerofemotions  germany  germany1919 20 emotions over 100 years  disgust  love  empathy  shame by  remembranceresponsibilityfuturefoundation  evzfoundation  history  revolution on exhibition,"['diemachtdergefühle', 'thepowerofemotions', 'germany', 'germany', 'disgust', 'love', 'empathy', 'shame', 'remembranceresponsibilityfuturefoundation', 'evzfoundation', 'history', 'revolution']",[],2020-03-14 22:34:08
1019568672409612289,"@jacknicas This guy is exactly what is wrong with this country. Profiting through greed on people fear, and fueling panic buying. The only news story he is worthy of is an arrest headline. #Disgust #coronavirus",fear, jacknicas this guy is exactly what is wrong with this country  profiting through greed on people fear  and fueling panic buying  the only news story he is worthy of is an arrest headline   disgust  coronavir,"['disgust', 'coronavi']",['jacknicas'],2020-03-14 20:10:05
1019568672409612289,"@HunterHoagland @WRCB This guy is exactly what is wrong with this country. Profiting through greed on people fear, and fueling panic buying. The only news story he is worthy of is an arrest headline. #Disgust #coronavirus",fear, hunterhoagland  wrcb this guy is exactly what is wrong with this country  profiting through greed on people fear  and fueling panic buying  the only news story he is worthy of is an arrest headline   disgust  coronavir,"['disgust', 'coronavi']","['hunterhoagland', 'wrcb']",2020-03-14 20:09:59
272198163,"#Medicare4All #CoronaOutbreak #USA #Medications #COVIDー19
#Taxpayers pay for Research & Development  #Profits off OUR taxed dollars. Time to take over #BigPharma, theyre literally killing us now by price gouging life saving medicines.  #Shame #Disgust #ShutThisShillGameDown ",fear, medicare4all  coronaoutbreak  usa  medications  covidー19  taxpayers pay for research   development   profits off our taxed dollars  time to take over  bigpharma  theyre literally killing us now by price gouging life saving medicines    shame  disgust  shutthisshillgamedow,"['medicare', 'coronaoutbreak', 'usa', 'medications', 'covidー', 'taxpayers', 'profits', 'bigpharma', 'shame', 'disgust', 'shutthisshillgamedo']",[],2020-03-14 18:44:20
25517289,@realDonaldTrump @POTUS In case you did not know this everything is not about you!!!!   We are in a #GlobalPandemic I think we have more important issues to deal with.  You #DISGUST me!,fear, realdonaldtrump  potus in case you did not know this everything is not about you       we are in a  globalpandemic i think we have more important issues to deal with   you  disgust m,"['globalpandemic', 'disgust']","['realdonaldtrump', 'potus']",2020-03-12 15:31:06
35351240,"@marcusjcarey I missed it. It is difficult for me to watch him speak. #nausea #disgust 
Hmm. The lack of adequate testing in US would negate that completely.",fear, marcusjcarey i missed it  it is difficult for me to watch him speak   nausea  disgust  hmm  the lack of adequate testing in us would negate that completel,"['nausea', 'disgust']",['marcusjcarey'],2020-03-12 03:22:48
1043295082948902912,"@APompliano Our banks are alive because they were bailed out by hard working taxpayer dollars. #disgust  

Then when the tough got going, one prominent bank figure bailed out himself. #pathetic",fear, apompliano our banks are alive because they were bailed out by hard working taxpayer dollars   disgust    then when the tough got going  one prominent bank figure bailed out himself   pathet,"['disgust', 'pathe']",['apompliano'],2020-03-12 01:54:51
21221809,Why are there motherfuckers like Weinstein in the world. #disgust  via @thedailybeast,fear,why are there motherfuckers like weinstein in the world   disgust  via  thedailybea,['disgust'],['thedailybe'],2020-03-11 23:35:01
994791713876082690,#TheBachelor Who knew Peter was Arie 2 #disgust #disgusting #disgusted ,fear, thebachelor who knew peter was arie 2  disgust  disgusting  disguste,"['thebachelor', 'disgust', 'disgusting', 'disgust']",[],2020-03-11 00:52:58
1224441340429246464,"@halciber #feelings are for humans
they #disgust me too",fear, halciber  feelings are for humans they  disgust me t,"['feelings', 'disgust']",['halciber'],2020-03-10 14:01:30
634920817,"Hypnotherapy treatment for phobias and fears in Cardiff 

#hypnotherapy #hypnotherapist #hypnosis #hypnotist #cardiff #phobia #typesofphobias #fear #disgust #nausea #initialsensitisingevent #panicattack #panicdisorder #anxiety #stress #depression ",fear,hypnotherapy treatment for phobias and fears in cardiff    hypnotherapy  hypnotherapist  hypnosis  hypnotist  cardiff  phobia  typesofphobias  fear  disgust  nausea  initialsensitisingevent  panicattack  panicdisorder  anxiety  stress  depressio,"['hypnotherapy', 'hypnotherapist', 'hypnosis', 'hypnotist', 'cardiff', 'phobia', 'typesofphobias', 'fear', 'disgust', 'nausea', 'initialsensitisingevent', 'panicattack', 'panicdisorder', 'anxiety', 'stress', 'depressi']",[],2020-03-10 11:42:25
1224441340429246464,@halciber they #disgust me,fear,halcibertheydisgust,['disgust'],['halciber'],2020-03-10 11:37:22
40226505,The irony that on #InternationalWomenDay2020 @Halfords_uk charge you £5 per bulb change on your car and then the guy says while Im at it shall I do the others but then charge you a further £5 per  later! #takingadvatageofwomen #moneymaker #scandal #disgusting #disgust,fear,the irony that on  internationalwomenday2020  halfords uk charge you  5 per bulb change on your car and then the guy says while im at it shall i do the others but then charge you a further  5 per  later   takingadvatageofwomen  moneymaker  scandal  disgusting  disgu,"['internationalwomenday', 'takingadvatageofwomen', 'moneymaker', 'scandal', 'disgusting', 'disg']",['halfords'],2020-03-10 09:23:46
632328283,@ChrisMurphyCT And an administration whose main tool/only tool is hate!!! How proud of your party are you today with Chinese Virus @SenatorCollins @senatemajldr @SenAlexander @ChuckGrassley @lisamurkowski @CoryGardner @ThomTillis ??? #hatersgonnahate #disgust #formerRepublican,fear, chrismurphyct and an administration whose main tool only tool is hate    how proud of your party are you today with chinese virus  senatorcollins  senatemajldr  senalexander  chuckgrassley  lisamurkowski  corygardner  thomtillis      hatersgonnahate  disgust  formerrepublic,"['hatersgonnahate', 'disgust', 'formerrepubli']","['chrismurphyct', 'senatorcollins', 'senatemajldr', 'senalexander', 'chuckgrassley', 'lisamurkowski', 'corygardner', 'thomtillis']",2020-03-10 04:28:56
3306056069,"C Savastano joins Chuck Ochelli on the Ochelli Effect to discuss Cold War use of fear and violence. Then join the WSWP to discuss the problems of overreacting and underreacting to health emergencies. #History #Fear #Disgust #Human #Biology #COVID19
",fear,c savastano joins chuck ochelli on the ochelli effect to discuss cold war use of fear and violence  then join the wswp to discuss the problems of overreacting and underreacting to health emergencies   history  fear  disgust  human  biology  covid1,"['history', 'fear', 'disgust', 'human', 'biology', 'covid']",[],2020-03-09 23:14:26
1107697333859422210,"@herschythecomic @BillFinley3 @josh87760453 The fake #disgust is typically what guilty people  what greater cover up by @crawfordmom1 than to be an advocate for horse rescue. Meanwhile she’s giving the most corrupt horseman since Herve Fillion her horses??? Come on now, she’s seems too intelligent to be this naive.",fear, herschythecomic  billfinley3  josh87760453 the fake  disgust is typically what guilty people  what greater cover up by  crawfordmom1 than to be an advocate for horse rescue  meanwhile she s giving the most corrupt horseman since herve fillion her horses    come on now  she s seems too intelligent to be this naiv,['disgust'],"['herschythecomic', 'billfinley', 'josh', 'crawfordmom']",2020-03-09 19:32:18
4775362194,"""An #activeshooter #drill is much like a tornado drill. Will it happen? I #pray it never will. Could it happen? It #disgust me to say, it  #safety #children #school  ",fear, an  activeshooter  drill is much like a tornado drill  will it happen  i  pray it never will  could it happen  it  disgust me to say  it   safety  children  school,"['activeshooter', 'drill', 'pray', 'disgust', 'safety', 'children', 'schoo']",[],2020-03-09 19:20:09
127589090,"i honestly cant watch this rabid antisemite and the crazy old jew (who likes it or not is still a Jew!)  embrace together in common hate for #I 

#CRINGE big time!
#disgust ",fear,i honestly cant watch this rabid antisemite and the crazy old jew  who likes it or not is still a jew    embrace together in common hate for  i    cringe big time   disgus,"['i', 'cringe', 'disgu']",[],2020-03-08 21:51:03
513535914,LMFAOOOOOOOOOOOOOOOOOOOOOOOOOOOOOOOOOOOOOOOOOOOOOOOOOOOOO #Disgust 😭 ,fear,lmfaooooooooooooooooooooooooooooooooooooooooooooooooooooodisgust,['disgust'],[],2020-03-08 14:14:30
169586543,"When a company identifies its CFO- they want someone with relevant experience- a CA topper may be. At the same time, we are sitting in a country run by uneducated/ illiterate/ inexperienced/ actors/ unprofessional people #disgust #YesBankScam #YesBankCollapse",fear,when a company identifies its cfo  they want someone with relevant experience  a ca topper may be  at the same time  we are sitting in a country run by uneducated  illiterate  inexperienced  actors  unprofessional people  disgust  yesbankscam  yesbankcollap,"['disgust', 'yesbankscam', 'yesbankcolla']",[],2020-03-08 04:34:14
1160029078583463936,this is how to show a loved one you care: Have you talked to anyone about how you feel? #mentalhealth #depression,fear,this is how to show a loved one you care  have you talked to anyone about how you feel   mentalhealth  depressi,"['mentalhealth', 'depress']",[],2020-03-15 12:36:44
758063467,#worry #anxiety #depression. Best medicine is God’s advice. ,fear, worry  anxiety  depression  best medicine is god s advice,"['worry', 'anxiety', 'depression']",[],2020-03-15 12:04:13
1234901790858137600,"Everyone freaking out because of #COVIDー19 and #quarantaine while here I am, getting ready for my depression and social anxiety recovery work plan at the nursing home, frightened of just going outside after months of isolation lol #StayHome #depression",fear,everyone freaking out because of  covidー19 and  quarantaine while here i am  getting ready for my depression and social anxiety recovery work plan at the nursing home  frightened of just going outside after months of isolation lol  stayhome  depressi,"['covidー', 'quarantaine', 'stayhome', 'depress']",[],2020-03-15 11:52:43
372259782,Current legislation is brutally inadequate if large companies not included. Why would the biggest employers be exempt? Maybe Pelosi knows paid sick leave will be moot (only UBI can work) and wanted the other features in the bill #pelosi #PaidSickLeave #COVIDー19 #UBI #depression,fear,current legislation is brutally inadequate if large companies not included  why would the biggest employers be exempt  maybe pelosi knows paid sick leave will be moot  only ubi can work  and wanted the other features in the bill  pelosi  paidsickleave  covidー19  ubi  depressi,"['pelosi', 'paidsickleave', 'covidー', 'ubi', 'depress']",[],2020-03-15 11:39:32
991645923787902976,"💡
😎
If you have to go into quarantine or self-isolation borrow/buy a musical instrument & learn how to play 

#SARSCoV2
#Pandemic
#COVID19
#Quarantine
#SelfIsolation 
#Depression
#Coronavirus ",fear,    if you have to go into quarantine or self isolation borrow buy a musical instrument   learn how to play    sarscov2  pandemic  covid19  quarantine  selfisolation   depression  coronaviru,"['sarscov', 'pandemic', 'covid', 'quarantine', 'selfisolation', 'depression', 'coronavir']",[],2020-03-15 10:05:28
589257452,"Sometimes I start thinking I actually dont care if the worst  If all the bad things I try so hard to avoid actually caught up with me
Sometimes it feels like it would be a lot easier

#depression #loneliness #asd #ocd #autism",fear,sometimes i start thinking i actually dont care if the worst  if all the bad things i try so hard to avoid actually caught up with me sometimes it feels like it would be a lot easier   depression  loneliness  asd  ocd  auti,"['depression', 'loneliness', 'asd', 'ocd', 'aut']",[],2020-03-15 09:58:25
1112725241858613250,"To traders and Investors:
""This is not a BUY the DIP""
#trading #stocks #economy #coronavirus #depression",fear,to traders and investors   this is not a buy the dip   trading  stocks  economy  coronavirus  depressi,"['trading', 'stocks', 'economy', 'coronavirus', 'depress']",[],2020-03-15 09:49:12
4438154897,"Im sick of hearing Boris Johnson say ""oh we are not closing schools yet in the UK because Italy are 4 weeks Infront of us so it will be to soon ""  you want to wait for hundreds of people to die first  Id rather pay £1000 school fine rather than funeral ",fear,im sick of hearing boris johnson say  oh we are not closing schools yet in the uk because italy are 4 weeks infront of us so it will be to soon    you want to wait for hundreds of people to die first  id rather pay  1000 school fine rather than funera,[],[],"{'label': 'fear', 'words': 'im sick of hearing boris johnson say  oh we are not closing schools yet in the uk because italy are 4 weeks infront of us so it will be to soon    you want to wait for hundreds of people to die first  id rather pay  1000 school fine rather than funera', 'hashtag': [], '@': [], 'url': ' '}",2020-03-15 00:12:42
2277506545,"Character Sketch - Mantis

#ink #sketch #sketchbook #inking #character #characterdesign #punk #mantis #monster #alien #fighter #angry #doodle ",fear,character sketch   mantis   ink  sketch  sketchbook  inking  character  characterdesign  punk  mantis  monster  alien  fighter  angry  doodl,"['ink', 'sketch', 'sketchbook', 'inking', 'character', 'characterdesign', 'punk', 'mantis', 'monster', 'alien', 'fighter', 'angry', 'dood']",[],2020-03-14 13:09:49
2907512330,"🖤 ""There will always be suffering. But we must not suffer over the  - Alan Watts 🖤
#alanwatts #anger #negativity #worry #suffering #worries #afraid #angry #confusion #sorrow #fears #negative  #longing #Spiral #depression #darkdays #BetterDays #difficulttimes #trauma ",fear,   there will always be suffering  but we must not suffer over the    alan watts    alanwatts  anger  negativity  worry  suffering  worries  afraid  angry  confusion  sorrow  fears  negative   longing  spiral  depression  darkdays  betterdays  difficulttimes  traum,"['alanwatts', 'anger', 'negativity', 'worry', 'suffering', 'worries', 'afraid', 'angry', 'confusion', 'sorrow', 'fears', 'negative', 'longing', 'spiral', 'depression', 'darkdays', 'betterdays', 'difficulttimes', 'trau']",[],2020-03-14 10:00:33
177241680,@AYearMyDear @Qantas God dang @Qantas! Dont make me get # 😋,fear, ayearmydear  qantas god dang  qantas  dont make me get  ,[],"['ayearmydear', 'qantas', 'qantas']","{'label': 'fear', 'words': ' ayearmydear  qantas god dang  qantas  dont make me get  ', 'hashtag': [], '@': ['ayearmydear', 'qantas', 'qantas'], 'url': '😋'}",2020-03-13 23:56:40
63065621,"#Windows10  #Warning: #Anger At @Microsoft #Rises With #Serious #New #Failure via @GordonKelly

",fear, windows10   warning   anger at  microsoft  rises with  serious  new  failure via  gordonkelly,"['windows', 'warning', 'anger', 'rises', 'serious', 'new', 'failure']","['microsoft', 'gordonkell']",2020-03-15 06:31:48
1238864500750561282,"People always see your flaws but not the things that you do for them!
#pain #anger",fear,people always see your flaws but not the things that you do for them   pain  ang,"['pain', 'an']",[],2020-03-14 16:35:20
1183606084583473152,"when you see a “traditional” person that is hella righteous and hyper critical of anyone that drinks or smokes, walk out of a weed dispensary product in hand and hat down low. #hypocrite #annoyed #amused #itsmedicinetho #kokomsaiditsokay #humbleup",fear,when you see a  traditional  person that is hella righteous and hyper critical of anyone that drinks or smokes  walk out of a weed dispensary product in hand and hat down low   hypocrite  annoyed  amused  itsmedicinetho  kokomsaiditsokay  humble,"['hypocrite', 'annoyed', 'amused', 'itsmedicinetho', 'kokomsaiditsokay', 'humbl']",[],2020-03-14 18:58:17
1726632686,Knee injuries suck !  #injured #inpain #mcl #annoyed,fear,knee injuries suck     injured  inpain  mcl  annoy,"['injured', 'inpain', 'mcl', 'anno']",[],2020-03-13 22:35:59
